Workbook
Name IY: #REF!
Name IY: #REF!
Name IY: #REF!
Name IY: #REF!
Name IY: #REF!
Name IY: #REF!
Name IY: #REF!
Name IY: #REF!
Name IY: #REF!

Sheet Sheet1
A1: 1 | B1: 222310001 | C1: ADRIAN FAUZAN | D1: 1
D2: 2
D3: 3
D4: 4
D5: 5
D6: 6
D7: 7
D8: 8
D9: 9
A10: 2 | B10: 222310002 | C10: AHMAD ZAKI YAMAN
A11: 2
A12: 2
A13: 2
A14: 2
A15: 2
A16: 2
A17: 2
A18: 2
A19: 3 | B19: 222310003 | C19: AMANDA ZAHRA FEBRIYANI
A20: 3
A21: 3
A22: 3
A23: 3
A24: 3
A25: 3
A26: 3
A27: 3
A28: 4 | B28: 222310004 | C28: ANGGI ISMAYANTI
A29: 4
A30: 4
A31: 4
A32: 4
A33: 4
A34: 4
A35: 4
A36: 4
A37: 5 | B37: 222310005 | C37: FAHRI ISNAINI
A38: 5
A39: 5
A40: 5
A41: 5
A42: 5
A43: 5
A44: 5
A45: 5
A46: 6 | B46: 222310006 | C46: INDRIYANI
A47: 6
A48: 6
A49: 6
A50: 6
A51: 6
A52: 6
A53: 6
A54: 6
A55: 7 | B55: 222310007 | C55: JERICHO AMAZIA AWULLE
A56: 7
A57: 7
A58: 7
A59: 7
A60: 7
A61: 7
A62: 7
A63: 7
A64: 8 | B64: 222310008 | C64: KHALIF HONEST TAWADLU
A65: 8
A66: 8
A67: 8
A68: 8
A69: 8
A70: 8
A71: 8
A72: 8
A73: 9 | B73: 222310009 | C73: RAFAELINO RUFFUS SERAN
A74: 9
A75: 9
A76: 9
A77: 9
A78: 9
A79: 9
A80: 9
A81: 9
A82: 10 | B82: 222310010 | C82: RASYA JULIAN SAPUTRA
A83: 10
A84: 10
A85: 10
A86: 10
A87: 10
A88: 10
A89: 10
A90: 10
A91: 11 | B91: 222310011 | C91: RAYHAN ADI SAPUTRA
A92: 11
A93: 11
A94: 11
A95: 11
A96: 11
A97: 11
A98: 11
A99: 11
A100: 12 | B100: 222310012 | C100: SELVIA OKTAVIANI
...

Sheet te
A1: NO | B1: NIS | C1: NAMA PESERTA | D1: KELAS | BC1: TEKNIK JARINGAN KOMPUTER DAN TELEKOMUNIKASI | BQ1: MAPEL KONSENTRASI KEAHLIAN | CF1: NILAI UJIAN SEKOLAH | CO1: =E2 -> 1.Pendidikan Agama Islam (PAI) | CS1: =K2 -> 2.Pendidikan Pancasila | CW1: =Q2 -> 3.Bahasa Indonesia | DA1: =W2 -> 4.Pendidikan Jasmani Olahraga dan Kesehatan | DC1: =AA2 -> 5.Sejarah | DE1: =AE2 -> 6.Seni Budaya (Seni Tari) | DG1: =AG2 -> 7.Bahasa Sunda | DI1: =AK2 -> 8.Public speaking | DM1: =AM2 -> 9.Matematika | DQ1: =AS2 -> 10.Bahasa Inggris | DU1: =AY2 -> 11.Informatika | DW1: =BA2 -> 12.Projek Ilmu Pengetahuan Alam dan Sosial | DY1: =BC2 -> 13.Dasar - dasar Program Keahlian | EA1: 14. Konsentrasi Keahlian | EE1: =BW2 -> 15.Projek Kreatif dan Kewirausahaan | EI1: 16.PKL | EJ1: =CB2 -> 17.Bahasa Jepang | EN1: NILAI IJAZAH / SKL
E2: 1.Pendidikan Agama Islam (PAI) | K2: 2.Pendidikan Pancasila | Q2: 3.Bahasa Indonesia | W2: 4.Pendidikan Jasmani Olahraga dan Kesehatan | AA2: 5.Sejarah | AE2: 6.Seni Budaya (Seni Tari) | AG2: 7.Bahasa Sunda | AK2: 8.Public speaking | AM2: 9.Matematika | AS2: 10.Bahasa Inggris | AY2: 11.Informatika | BA2: 12.Projek Ilmu Pengetahuan Alam dan Sosial | BC2: 13.Dasar - dasar Program Keahlian | BE2: 14.Teknik Dasar Memprogram | BG2: 15.Rekayasa Elektronika Digital | BI2: 16.Proses Produksi & Rekayasa Elektronika | BK2: 17.Penerapan Teknik Pemograman Digital | BM2: 18.Penerapan Sistem Radio dan Televisi | BO2: 19.Perencanaan & Instalasi Rangkaian Elektronika | BQ2: 20. Perawatan dan Perbaikan Peralatan Elektronika | BS2: KONS | BW2: 15.Projek Kreatif dan Kewirausahaan | CA2: 16.PKL | CB2: 17.Bahasa Jepang | EN2: 1.Pendidikan Agama dan Budi Pekerti | EO2: 2.Pendidikan Pancasila | EP2: 3.Bahasa Indonesia | EQ2: 4.Pendidikan Jasmani Olahraga dan Kesehatan | ER2: 5.Sejarah | ES2: 6.Seni Budaya (Seni Tari) | ET2: 7.Bahasa Sunda | EU2: 8.Public speaking | EV2: 9.Matematika | EW2: 10.Bahasa Inggris | EX2: 11.Informatika | EY2: 12.Projek Ilmu Pengetahuan Alam dan Sosial | EZ2: 13.Dasar - dasar Program Keahlian | FA2: 14.Konsentrasi Keahlian | FB2: 15.Projek Kreatif dan Kewirausahaan | FC2: 16.Praktik Kerja Lapangan | FD2: 17.Mepel Pilihan (Bahasa Jepang) | FE2: RATA-RATA
E3: ST1 | F3: ST2 | G3: ST3 | H3: ST4 | I3: ST5 | J3: ST6 | K3: ST1 | L3: ST2 | M3: ST3 | N3: ST4 | O3: ST5 | P3: ST6 | Q3: ST1 | R3: ST2 | S3: ST3 | T3: ST4 | U3: ST5 | V3: ST6 | W3: ST1 | X3: ST2 | Y3: ST3 | Z3: ST4 | AA3: ST1 | AB3: ST2 | AC3: ST3 | AD3: ST4 | AE3: ST1 | AF3: ST2 | AG3: ST1 | AH3: ST2 | AI3: ST3 | AJ3: ST4 | AK3: ST5 | AL3: ST6 | AM3: ST1 | AN3: ST2 | AO3: ST3 | AP3: ST4 | AQ3: ST5 | AR3: ST6 | AS3: ST1 | AT3: ST2 | AU3: ST3 | AV3: ST4 | AW3: ST5 | AX3: ST6 | AY3: ST1 | AZ3: ST2 | BA3: ST1 | BB3: ST2 | BC3: ST1 | BD3: ST2 | BE3: ST3 | BF3: ST4 | BG3: ST3 | BH3: ST4 | BI3: ST3 | BJ3: ST4 | BK3: ST5 | BL3: ST6 | BM3: ST5 | BN3: ST6 | BO3: ST5 | BP3: ST6 | BQ3: ST5 | BR3: ST6 | BS3: ST3 | BT3: ST4 | BU3: ST5 | BV3: ST6 | BW3: ST3 | BX3: ST4 | BY3: ST5 | BZ3: ST6 | CA3: 5 | CB3: ST3 | CC3: ST4 | CD3: ST5 | CE3: ST6 | CF3: PAI | CG3: PKN | CH3: B IND | CI3: P. SPEAKING | CJ3: MTK | CK3: B ING | CL3: B JPN | CM3: PKK | CN3: KONST | CO3: PORT | CP3: ST6 | CQ3: US | CR3: NA | CS3: PORT | CT3: ST6 | CU3: US | CV3: NA | CW3: PORT | CX3: ST6 | CY3: US | CZ3: NA | DA3: PORT | DB3: NA | DC3: PORT | DD3: NA | DE3: PORT | DF3: NA | DG3: PORT | DH3: NA | DI3: PORT | DJ3: ST6 | DK3: US | DL3: NA | DM3: PORT | DN3: ST6 | DO3: US | DP3: NA | DQ3: PORT | DR3: ST6 | DS3: US | DT3: NA | DU3: PORT | DV3: NA | DW3: PORT | DX3: NA | DY3: PORT | DZ3: NA | EA3: PORT | EB3: ST6 | EC3: US | ED3: NA | EE3: PORT | EF3: ST6 | EG3: US | EH3: NA | EI3: NA | EJ3: PORT | EK3: ST6 | EL3: US | EM3: NA | EN3: 1.Pendidikan Agama dan Budi Pekerti | EO3: 2.Pendidikan Pancasila | EP3: 3.Bahasa Indonesia | EQ3: 4.Pendidikan Jasmani Olahraga dan Kesehatan | ER3: 5.Sejarah | ES3: 6.Seni Budaya (Seni Tari) | ET3: 7.Bahasa Sunda | EU3: 8.Public speaking | EV3: 9.Matematika | EW3: 10.Bahasa Inggris | EX3: 11.Informatika | EY3: 12.Projek Ilmu Pengetahuan Alam dan Sosial | EZ3: 13.Dasar - dasar Program Keahlian | FA3: 14.Konsentrasi Keahlian | FB3: 15.Projek Kreatif dan Kewirausahaan | FC3: 16.Praktik Kerja Lapangan | FD3: 17.Mepel Pilihan (Bahasa Jepang)
EN4: 1.Pendidikan Agama dan Budi Pekerti | EO4: 2.Pendidikan Pancasila | EP4: 3.Bahasa Indonesia | EQ4: 4.Pendidikan Jasmani Olahraga dan Kesehatan | ER4: 5.Sejarah | ES4: 6.Seni Budaya (Seni Tari) | ET4: 7.Bahasa Sunda | EU4: 8.Public speaking | EV4: 9.Matematika | EW4: 10.Bahasa Inggris | EX4: 11.Informatika | EY4: 12.Projek Ilmu Pengetahuan Alam dan Sosial | EZ4: 13.Dasar - dasar Program Keahlian | FA4: 14.Konsentrasi Keahlian | FB4: 15.Projek Kreatif dan Kewirausahaan | FC4: 16.Praktik Kerja Lapangan | FD4: 17.Mepel Pilihan (Bahasa Jepang)
A5: 1 | B5: 0067243013 | C5: ADRIAN FAUZAN | D5: 12 TAV | E5: 82 | F5: 89 | G5: 86 | H5: 85 | I5: 80 | J5: 80 | K5: 80 | L5: 81 | M5: 70 | N5: 83 | O5: 88 | P5: 81 | Q5: 80 | R5: 77 | S5: 70 | T5: 72 | U5: 73 | V5: 78 | W5: 82 | X5: 83 | Y5: 80 | Z5: 83 | AA5: 75 | AB5: 78 | AC5: 73 | AD5: 75 | AE5: 83 | AF5: 83 | AG5: 83 | AH5: 85 | AI5: 70 | AJ5: 80 | AK5: 89 | AL5: 78 | AM5: 75 | AN5: 76 | AO5: 72 | AP5: 73 | AQ5: 76 | AR5: 80 | AS5: 73 | AT5: 73 | AU5: 71 | AV5: 70 | AW5: 73 | AX5: 80 | AY5: 75 | AZ5: 80 | BA5: 79 | BB5: 80 | BC5: 85 | BD5: 75 | BE5: 79 | BF5: 76 | BG5: 78 | BH5: 79 | BI5: 70 | BJ5: 83 | BK5: 76 | BL5: 80 | BM5: 80 | BN5: 80 | BO5: 78 | BP5: 80 | BQ5: 74 | BR5: 80 | BS5: =AVERAGE(BE5,BG5,BI5) -> 75.666667 | BT5: =AVERAGE(BF5,BH5,BJ5) -> 79.333333 | BU5: =AVERAGE(BK5,BM5,BO5,BQ5) -> 77 | BV5: =AVERAGE(BL5,BN5,BP5,BR5) -> 80 | BW5: 82 | BX5: 80 | BY5: 70 | BZ5: 79 | CA5: 80 | CB5: 70 | CC5: 72 | CD5: 74 | CE5: 80 | CF5: 81 | CG5: 75 | CH5: 75 | CI5: 75 | CJ5: 76 | CK5: 80 | CL5: 70 | CM5: 71 | CN5: 70 | CO5: =AVERAGE(E5:I5) -> 84.4 | CP5: =J5 -> 80 | CQ5: =CF5 -> 81 | CR5: =(CO5*4+CP5*3+CQ5*3)/10 -> 82.06 | CS5: =AVERAGE(K5:O5) -> 80.4 | CT5: =P5 -> 81 | CU5: =CG5 -> 75 | CV5: =(CS5*4+CT5*3+CU5*3)/10 -> 78.96 | CW5: =AVERAGE(Q5:U5) -> 74.4 | CX5: =V5 -> 78 | CY5: =CH5 -> 75 | CZ5: =(CW5*4+CX5*3+CY5*3)/10 -> 75.66 | DA5: =AVERAGE(W5:Z5) -> 82 | DB5: =DA5 -> 82 | DC5: =AVERAGE(AA5:AD5) -> 75.25 | DD5: =DC5 -> 75.25 | DE5: =AVERAGE(AE5:AF5) -> 83 | DF5: =DE5 -> 83 | DG5: =AVERAGE(AG5:AJ5) -> 79.5 | DH5: =DG5 -> 79.5 | DI5: =AK5 -> 89 | DJ5: =AL5 -> 78 | DK5: =CI5 -> 75 | DL5: =(DI5*4+DJ5*3+DK5*3)/10 -> 81.5 | DM5: =AVERAGE(AM5:AQ5) -> 74.4 | DN5: =AR5 -> 80 | DO5: =CJ5 -> 76 | DP5: =(DM5*4+DN5*3+DO5*3)/10 -> 76.56 | DQ5: =AVERAGE(AS5:AW5) -> 72 | DR5: =AX5 -> 80 | DS5: =CK5 -> 80 | DT5: =(DQ5*4+DR5*3+DS5*3)/10 -> 76.8 | DU5: =AVERAGE(AY5:AZ5) -> 77.5 | DV5: =DU5 -> 77.5 | DW5: =AVERAGE(BA5:BB5) -> 79.5 | DX5: =DW5 -> 79.5 | DY5: =AVERAGE(BC5:BD5) -> 80 | DZ5: =DY5 -> 80 | EA5: =AVERAGE(BS5:BU5) -> 77.333333 | EB5: =BV5 -> 80 | EC5: =CN5 -> 70 | ED5: =(EA5*4+EB5*3+EC5*3)/10 -> 75.933333 | EE5: =AVERAGE(BW5:BY5) -> 77.333333 | EF5: =BZ5 -> 79 | EG5: =CM5 -> 71 | EH5: =(EE5*4+EF5*3+EG5*3)/10 -> 75.933333 | EI5: =CA5 -> 80 | EJ5: =AVERAGE(CB5:CD5) -> 72 | EK5: =CE5 -> 80 | EL5: =CL5 -> 70 | EM5: =(EJ5*4+EK5*3+EL5*3)/10 -> 73.8 | EN5: =CR5 -> 82.06 | EO5: =CV5 -> 78.96 | EP5: =CZ5 -> 75.66 | EQ5: =DB5 -> 82 | ER5: =DD5 -> 75.25 | ES5: =DF5 -> 83 | ET5: =DH5 -> 79.5 | EU5: =DL5 -> 81.5 | EV5: =DP5 -> 76.56 | EW5: =DT5 -> 76.8 | EX5: =DV5 -> 77.5 | EY5: =DX5 -> 79.5 | EZ5: =DZ5 -> 80 | FA5: =ED5 -> 75.933333 | FB5: =EH5 -> 75.933333 | FC5: =EI5 -> 80 | FD5: =EM5 -> 73.8 | FE5: =AVERAGE(EN5:FD5) -> 78.468039
A6: 2 | B6: 0062623676 | C6: AHMAD ZAKI YAMAN | D6: 12 TAV | E6: 82 | F6: 88 | G6: 87 | H6: 85 | I6: 84 | J6: 76 | K6: 80 | L6: 81 | M6: 70 | N6: 83 | O6: 88 | P6: 78 | Q6: 80 | R6: 77 | S6: 70 | T6: 73 | U6: 75 | V6: 78 | W6: 80 | X6: 83 | Y6: 80 | Z6: 83 | AA6: 75 | AB6: 78 | AC6: 80 | AD6: 80 | AE6: 83 | AF6: 83 | AG6: 83 | AH6: 84 | AI6: 70 | AJ6: 80 | AK6: 80 | AL6: 78 | AM6: 73 | AN6: 74 | AO6: 73 | AP6: 74 | AQ6: 75 | AR6: 77 | AS6: 72 | AT6: 74 | AU6: 72 | AV6: 70 | AW6: 77 | AX6: 77 | AY6: 74 | AZ6: 79 | BA6: 78 | BB6: 81 | BC6: 90 | BD6: 77 | BE6: 77 | BF6: 73 | BG6: 77 | BH6: 78 | BI6: 70 | BJ6: 83 | BK6: 75 | BL6: 78 | BM6: 80 | BN6: 78 | BO6: 78 | BP6: 78 | BQ6: 83 | BR6: 78 | BS6: =AVERAGE(BE6,BG6,BI6) -> 74.666667 | BT6: =AVERAGE(BF6,BH6,BJ6) -> 78 | BU6: =AVERAGE(BK6,BM6,BO6,BQ6) -> 79 | BV6: =AVERAGE(BL6,BN6,BP6,BR6) -> 78 | BW6: 82 | BX6: 80 | BY6: 70 | BZ6: 79 | CA6: 78 | CB6: 72 | CC6: 74 | CD6: 74 | CE6: 77 | CF6: 84 | CG6: 75 | CH6: 75 | CI6: 70 | CJ6: 76 | CK6: 80 | CL6: 72 | CM6: 73 | CN6: 70 | CO6: =AVERAGE(E6:I6) -> 85.2 | CP6: =J6 -> 76 | CQ6: =CF6 -> 84 | CR6: =(CO6*4+CP6*3+CQ6*3)/10 -> 82.08 | CS6: =AVERAGE(K6:O6) -> 80.4 | CT6: =P6 -> 78 | CU6: =CG6 -> 75 | CV6: =(CS6*4+CT6*3+CU6*3)/10 -> 78.06 | CW6: =AVERAGE(Q6:U6) -> 75 | CX6: =V6 -> 78 | CY6: =CH6 -> 75 | CZ6: =(CW6*4+CX6*3+CY6*3)/10 -> 75.9 | DA6: =AVERAGE(W6:Z6) -> 81.5 | DB6: =DA6 -> 81.5 | DC6: =AVERAGE(AA6:AD6) -> 78.25 | DD6: =DC6 -> 78.25 | DE6: =AVERAGE(AE6:AF6) -> 83 | DF6: =DE6 -> 83 | DG6: =AVERAGE(AG6:AJ6) -> 79.25 | DH6: =DG6 -> 79.25 | DI6: =AK6 -> 80 | DJ6: =AL6 -> 78 | DK6: =CI6 -> 70 | DL6: =(DI6*4+DJ6*3+DK6*3)/10 -> 76.4 | DM6: =AVERAGE(AM6:AQ6) -> 73.8 | DN6: =AR6 -> 77 | DO6: =CJ6 -> 76 | DP6: =(DM6*4+DN6*3+DO6*3)/10 -> 75.42 | DQ6: =AVERAGE(AS6:AW6) -> 73 | DR6: =AX6 -> 77 | DS6: =CK6 -> 80 | DT6: =(DQ6*4+DR6*3+DS6*3)/10 -> 76.3 | DU6: =AVERAGE(AY6:AZ6) -> 76.5 | DV6: =DU6 -> 76.5 | DW6: =AVERAGE(BA6:BB6) -> 79.5 | DX6: =DW6 -> 79.5 | DY6: =AVERAGE(BC6:BD6) -> 83.5 | DZ6: =DY6 -> 83.5 | EA6: =AVERAGE(BS6:BU6) -> 77.222222 | EB6: =BV6 -> 78 | EC6: =CN6 -> 70 | ED6: =(EA6*4+EB6*3+EC6*3)/10 -> 75.288889 | EE6: =AVERAGE(BW6:BY6) -> 77.333333 | EF6: =BZ6 -> 79 | EG6: =CM6 -> 73 | EH6: =(EE6*4+EF6*3+EG6*3)/10 -> 76.533333 | EI6: =CA6 -> 78 | EJ6: =AVERAGE(CB6:CD6) -> 73.333333 | EK6: =CE6 -> 77 | EL6: =CL6 -> 72 | EM6: =(EJ6*4+EK6*3+EL6*3)/10 -> 74.033333 | EN6: =CR6 -> 82.08 | EO6: =CV6 -> 78.06 | EP6: =CZ6 -> 75.9 | EQ6: =DB6 -> 81.5 | ER6: =DD6 -> 78.25 | ES6: =DF6 -> 83 | ET6: =DH6 -> 79.25 | EU6: =DL6 -> 76.4 | EV6: =DP6 -> 75.42 | EW6: =DT6 -> 76.3 | EX6: =DV6 -> 76.5 | EY6: =DX6 -> 79.5 | EZ6: =DZ6 -> 83.5 | FA6: =ED6 -> 75.288889 | FB6: =EH6 -> 76.533333 | FC6: =EI6 -> 78 | FD6: =EM6 -> 74.033333 | FE6: =AVERAGE(EN6:FD6) -> 78.206797
A7: 3 | B7: 0078712500 | C7: AMANDA ZAHRA FEBRIYANI | D7: 12 TAV | E7: 82 | F7: 87 | G7: 86 | H7: 85 | I7: 84 | J7: 86 | K7: 81 | L7: 83 | M7: 83 | N7: 88 | O7: 93 | P7: 95 | Q7: 85 | R7: 80 | S7: 89 | T7: 87 | U7: 81 | V7: 86 | W7: 82 | X7: 85 | Y7: 83 | Z7: 84 | AA7: 80 | AB7: 88 | AC7: 85 | AD7: 86 | AE7: 85 | AF7: 83 | AG7: 85 | AH7: 85 | AI7: 72 | AJ7: 81 | AK7: 84 | AL7: 86 | AM7: 75 | AN7: 77 | AO7: 75 | AP7: 76 | AQ7: 82 | AR7: 91 | AS7: 74 | AT7: 79 | AU7: 82 | AV7: 74 | AW7: 85 | AX7: 91 | AY7: 77 | AZ7: 81 | BA7: 83 | BB7: 82 | BC7: 80 | BD7: 80 | BE7: 81 | BF7: 78 | BG7: 82 | BH7: 81 | BI7: 77 | BJ7: 85 | BK7: 80 | BL7: 90 | BM7: 80 | BN7: 90 | BO7: 86 | BP7: 90 | BQ7: 85 | BR7: 90 | BS7: =AVERAGE(BE7,BG7,BI7) -> 80 | BT7: =AVERAGE(BF7,BH7,BJ7) -> 81.333333 | BU7: =AVERAGE(BK7,BM7,BO7,BQ7) -> 82.75 | BV7: =AVERAGE(BL7,BN7,BP7,BR7) -> 90 | BW7: 84 | BX7: 81 | BY7: 86 | BZ7: 90 | CA7: 90 | CB7: 79 | CC7: 92 | CD7: 89 | CE7: 91 | CF7: 86 | CG7: 85 | CH7: 82 | CI7: 95 | CJ7: 83 | CK7: 85 | CL7: 84 | CM7: 87 | CN7: 82 | CO7: =AVERAGE(E7:I7) -> 84.8 | CP7: =J7 -> 86 | CQ7: =CF7 -> 86 | CR7: =(CO7*4+CP7*3+CQ7*3)/10 -> 85.52 | CS7: =AVERAGE(K7:O7) -> 85.6 | CT7: =P7 -> 95 | CU7: =CG7 -> 85 | CV7: =(CS7*4+CT7*3+CU7*3)/10 -> 88.24 | CW7: =AVERAGE(Q7:U7) -> 84.4 | CX7: =V7 -> 86 | CY7: =CH7 -> 82 | CZ7: =(CW7*4+CX7*3+CY7*3)/10 -> 84.16 | DA7: =AVERAGE(W7:Z7) -> 83.5 | DB7: =DA7 -> 83.5 | DC7: =AVERAGE(AA7:AD7) -> 84.75 | DD7: =DC7 -> 84.75 | DE7: =AVERAGE(AE7:AF7) -> 84 | DF7: =DE7 -> 84 | DG7: =AVERAGE(AG7:AJ7) -> 80.75 | DH7: =DG7 -> 80.75 | DI7: =AK7 -> 84 | DJ7: =AL7 -> 86 | DK7: =CI7 -> 95 | DL7: =(DI7*4+DJ7*3+DK7*3)/10 -> 87.9 | DM7: =AVERAGE(AM7:AQ7) -> 77 | DN7: =AR7 -> 91 | DO7: =CJ7 -> 83 | DP7: =(DM7*4+DN7*3+DO7*3)/10 -> 83 | DQ7: =AVERAGE(AS7:AW7) -> 78.8 | DR7: =AX7 -> 91 | DS7: =CK7 -> 85 | DT7: =(DQ7*4+DR7*3+DS7*3)/10 -> 84.32 | DU7: =AVERAGE(AY7:AZ7) -> 79 | DV7: =DU7 -> 79 | DW7: =AVERAGE(BA7:BB7) -> 82.5 | DX7: =DW7 -> 82.5 | DY7: =AVERAGE(BC7:BD7) -> 80 | DZ7: =DY7 -> 80 | EA7: =AVERAGE(BS7:BU7) -> 81.361111 | EB7: =BV7 -> 90 | EC7: =CN7 -> 82 | ED7: =(EA7*4+EB7*3+EC7*3)/10 -> 84.144444 | EE7: =AVERAGE(BW7:BY7) -> 83.666667 | EF7: =BZ7 -> 90 | EG7: =CM7 -> 87 | EH7: =(EE7*4+EF7*3+EG7*3)/10 -> 86.566667 | EI7: =CA7 -> 90 | EJ7: =AVERAGE(CB7:CD7) -> 86.666667 | EK7: =CE7 -> 91 | EL7: =CL7 -> 84 | EM7: =(EJ7*4+EK7*3+EL7*3)/10 -> 87.166667 | EN7: =CR7 -> 85.52 | EO7: =CV7 -> 88.24 | EP7: =CZ7 -> 84.16 | EQ7: =DB7 -> 83.5 | ER7: =DD7 -> 84.75 | ES7: =DF7 -> 84 | ET7: =DH7 -> 80.75 | EU7: =DL7 -> 87.9 | EV7: =DP7 -> 83 | EW7: =DT7 -> 84.32 | EX7: =DV7 -> 79 | EY7: =DX7 -> 82.5 | EZ7: =DZ7 -> 80 | FA7: =ED7 -> 84.144444 | FB7: =EH7 -> 86.566667 | FC7: =EI7 -> 90 | FD7: =EM7 -> 87.166667 | FE7: =AVERAGE(EN7:FD7) -> 84.442222
A8: 4 | B8: 0076916900 | C8: ANGGI ISMAYANTI | D8: 12 TAV | E8: 86 | F8: 90 | G8: 88 | H8: 87 | I8: 90 | J8: 75 | K8: 83 | L8: 81 | M8: 82 | N8: 89 | O8: 89 | P8: 70 | Q8: 87 | R8: 80 | S8: 80 | T8: 80 | U8: 85 | V8: 79 | W8: 81 | X8: 85 | Y8: 83 | Z8: 84 | AA8: 77 | AB8: 88 | AC8: 85 | AD8: 86 | AE8: 84 | AF8: 85 | AG8: 84 | AH8: 85 | AI8: 71 | AJ8: 81 | AK8: 85 | AL8: 79 | AM8: 77 | AN8: 79 | AO8: 78 | AP8: 79 | AQ8: 82 | AR8: 72 | AS8: 77 | AT8: 79 | AU8: 73 | AV8: 72 | AW8: 82 | AX8: 72 | AY8: 80 | AZ8: 82 | BA8: 84 | BB8: 85 | BC8: 83 | BD8: 81 | BE8: 82 | BF8: 75 | BG8: 83 | BH8: 81 | BI8: 80 | BJ8: 84 | BK8: 81 | BL8: 75 | BM8: 80 | BN8: 75 | BO8: 85 | BP8: 75 | BQ8: 84 | BR8: 75 | BS8: =AVERAGE(BE8,BG8,BI8) -> 81.666667 | BT8: =AVERAGE(BF8,BH8,BJ8) -> 80 | BU8: =AVERAGE(BK8,BM8,BO8,BQ8) -> 82.5 | BV8: =AVERAGE(BL8,BN8,BP8,BR8) -> 75 | BW8: 84 | BX8: 81 | BY8: 86 | BZ8: 79 | CA8: 75 | CB8: 78 | CC8: 91 | CD8: 74 | CE8: 72 | CF8: 89 | CG8: 85 | CH8: 85 | CI8: 77 | CJ8: 83 | CK8: 82 | CL8: 84 | CM8: 90 | CN8: 72 | CO8: =AVERAGE(E8:I8) -> 88.2 | CP8: =J8 -> 75 | CQ8: =CF8 -> 89 | CR8: =(CO8*4+CP8*3+CQ8*3)/10 -> 84.48 | CS8: =AVERAGE(K8:O8) -> 84.8 | CT8: =P8 -> 70 | CU8: =CG8 -> 85 | CV8: =(CS8*4+CT8*3+CU8*3)/10 -> 80.42 | CW8: =AVERAGE(Q8:U8) -> 82.4 | CX8: =V8 -> 79 | CY8: =CH8 -> 85 | CZ8: =(CW8*4+CX8*3+CY8*3)/10 -> 82.16 | DA8: =AVERAGE(W8:Z8) -> 83.25 | DB8: =DA8 -> 83.25 | DC8: =AVERAGE(AA8:AD8) -> 84 | DD8: =DC8 -> 84 | DE8: =AVERAGE(AE8:AF8) -> 84.5 | DF8: =DE8 -> 84.5 | DG8: =AVERAGE(AG8:AJ8) -> 80.25 | DH8: =DG8 -> 80.25 | DI8: =AK8 -> 85 | DJ8: =AL8 -> 79 | DK8: =CI8 -> 77 | DL8: =(DI8*4+DJ8*3+DK8*3)/10 -> 80.8 | DM8: =AVERAGE(AM8:AQ8) -> 79 | DN8: =AR8 -> 72 | DO8: =CJ8 -> 83 | DP8: =(DM8*4+DN8*3+DO8*3)/10 -> 78.1 | DQ8: =AVERAGE(AS8:AW8) -> 76.6 | DR8: =AX8 -> 72 | DS8: =CK8 -> 82 | DT8: =(DQ8*4+DR8*3+DS8*3)/10 -> 76.84 | DU8: =AVERAGE(AY8:AZ8) -> 81 | DV8: =DU8 -> 81 | DW8: =AVERAGE(BA8:BB8) -> 84.5 | DX8: =DW8 -> 84.5 | DY8: =AVERAGE(BC8:BD8) -> 82 | DZ8: =DY8 -> 82 | EA8: =AVERAGE(BS8:BU8) -> 81.388889 | EB8: =BV8 -> 75 | EC8: =CN8 -> 72 | ED8: =(EA8*4+EB8*3+EC8*3)/10 -> 76.655556 | EE8: =AVERAGE(BW8:BY8) -> 83.666667 | EF8: =BZ8 -> 79 | EG8: =CM8 -> 90 | EH8: =(EE8*4+EF8*3+EG8*3)/10 -> 84.166667 | EI8: =CA8 -> 75 | EJ8: =AVERAGE(CB8:CD8) -> 81 | EK8: =CE8 -> 72 | EL8: =CL8 -> 84 | EM8: =(EJ8*4+EK8*3+EL8*3)/10 -> 79.2 | EN8: =CR8 -> 84.48 | EO8: =CV8 -> 80.42 | EP8: =CZ8 -> 82.16 | EQ8: =DB8 -> 83.25 | ER8: =DD8 -> 84 | ES8: =DF8 -> 84.5 | ET8: =DH8 -> 80.25 | EU8: =DL8 -> 80.8 | EV8: =DP8 -> 78.1 | EW8: =DT8 -> 76.84 | EX8: =DV8 -> 81 | EY8: =DX8 -> 84.5 | EZ8: =DZ8 -> 82 | FA8: =ED8 -> 76.655556 | FB8: =EH8 -> 84.166667 | FC8: =EI8 -> 75 | FD8: =EM8 -> 79.2 | FE8: =AVERAGE(EN8:FD8) -> 81.018954
A9: 5 | B9: 0073506435 | C9: FAHRI ISNAINI | D9: 12 TAV | E9: 86 | F9: 89 | G9: 86 | H9: 85 | I9: 86 | J9: 74 | K9: 80 | L9: 82 | M9: 88 | N9: 90 | O9: 93 | P9: 85 | Q9: 80 | R9: 77 | S9: 76 | T9: 79 | U9: 77 | V9: 75 | W9: 81 | X9: 84 | Y9: 83 | Z9: 84 | AA9: 79 | AB9: 80 | AC9: 81 | AD9: 81 | AE9: 82 | AF9: 83 | AG9: 82 | AH9: 83 | AI9: 70 | AJ9: 82 | AK9: 80 | AL9: 75 | AM9: 74 | AN9: 75 | AO9: 74 | AP9: 75 | AQ9: 79 | AR9: 74 | AS9: 73 | AT9: 76 | AU9: 79 | AV9: 70 | AW9: 83 | AX9: 74 | AY9: 75 | AZ9: 79 | BA9: 80 | BB9: 84 | BC9: 77 | BD9: 83 | BE9: 79 | BF9: 81 | BG9: 83 | BH9: 80 | BI9: 79 | BJ9: 84 | BK9: 81 | BL9: 76 | BM9: 80 | BN9: 76 | BO9: 78 | BP9: 76 | BQ9: 83 | BR9: 76 | BS9: =AVERAGE(BE9,BG9,BI9) -> 80.333333 | BT9: =AVERAGE(BF9,BH9,BJ9) -> 81.666667 | BU9: =AVERAGE(BK9,BM9,BO9,BQ9) -> 80.5 | BV9: =AVERAGE(BL9,BN9,BP9,BR9) -> 76 | BW9: 84 | BX9: 80 | BY9: 85 | BZ9: 74 | CA9: 76 | CB9: 74 | CC9: 85 | CD9: 75 | CE9: 74 | CF9: 86 | CG9: 82 | CH9: 75 | CI9: 90 | CJ9: 80 | CK9: 80 | CL9: 88 | CM9: 80 | CN9: 75 | CO9: =AVERAGE(E9:I9) -> 86.4 | CP9: =J9 -> 74 | CQ9: =CF9 -> 86 | CR9: =(CO9*4+CP9*3+CQ9*3)/10 -> 82.56 | CS9: =AVERAGE(K9:O9) -> 86.6 | CT9: =P9 -> 85 | CU9: =CG9 -> 82 | CV9: =(CS9*4+CT9*3+CU9*3)/10 -> 84.74 | CW9: =AVERAGE(Q9:U9) -> 77.8 | CX9: =V9 -> 75 | CY9: =CH9 -> 75 | CZ9: =(CW9*4+CX9*3+CY9*3)/10 -> 76.12 | DA9: =AVERAGE(W9:Z9) -> 83 | DB9: =DA9 -> 83 | DC9: =AVERAGE(AA9:AD9) -> 80.25 | DD9: =DC9 -> 80.25 | DE9: =AVERAGE(AE9:AF9) -> 82.5 | DF9: =DE9 -> 82.5 | DG9: =AVERAGE(AG9:AJ9) -> 79.25 | DH9: =DG9 -> 79.25 | DI9: =AK9 -> 80 | DJ9: =AL9 -> 75 | DK9: =CI9 -> 90 | DL9: =(DI9*4+DJ9*3+DK9*3)/10 -> 81.5 | DM9: =AVERAGE(AM9:AQ9) -> 75.4 | DN9: =AR9 -> 74 | DO9: =CJ9 -> 80 | DP9: =(DM9*4+DN9*3+DO9*3)/10 -> 76.36 | DQ9: =AVERAGE(AS9:AW9) -> 76.2 | DR9: =AX9 -> 74 | DS9: =CK9 -> 80 | DT9: =(DQ9*4+DR9*3+DS9*3)/10 -> 76.68 | DU9: =AVERAGE(AY9:AZ9) -> 77 | DV9: =DU9 -> 77 | DW9: =AVERAGE(BA9:BB9) -> 82 | DX9: =DW9 -> 82 | DY9: =AVERAGE(BC9:BD9) -> 80 | DZ9: =DY9 -> 80 | EA9: =AVERAGE(BS9:BU9) -> 80.833333 | EB9: =BV9 -> 76 | EC9: =CN9 -> 75 | ED9: =(EA9*4+EB9*3+EC9*3)/10 -> 77.633333 | EE9: =AVERAGE(BW9:BY9) -> 83 | EF9: =BZ9 -> 74 | EG9: =CM9 -> 80 | EH9: =(EE9*4+EF9*3+EG9*3)/10 -> 79.4 | EI9: =CA9 -> 76 | EJ9: =AVERAGE(CB9:CD9) -> 78 | EK9: =CE9 -> 74 | EL9: =CL9 -> 88 | EM9: =(EJ9*4+EK9*3+EL9*3)/10 -> 79.8 | EN9: =CR9 -> 82.56 | EO9: =CV9 -> 84.74 | EP9: =CZ9 -> 76.12 | EQ9: =DB9 -> 83 | ER9: =DD9 -> 80.25 | ES9: =DF9 -> 82.5 | ET9: =DH9 -> 79.25 | EU9: =DL9 -> 81.5 | EV9: =DP9 -> 76.36 | EW9: =DT9 -> 76.68 | EX9: =DV9 -> 77 | EY9: =DX9 -> 82 | EZ9: =DZ9 -> 80 | FA9: =ED9 -> 77.633333 | FB9: =EH9 -> 79.4 | FC9: =EI9 -> 76 | FD9: =EM9 -> 79.8 | FE9: =AVERAGE(EN9:FD9) -> 79.693725
A10: 6 | B10: 0071025955 | C10: INDRIYANI | D10: 12 TAV | E10: 84 | F10: 89 | G10: 87 | H10: 87 | I10: 83 | J10: 89 | K10: 87 | L10: 83 | M10: 85 | N10: 92 | O10: 94 | P10: 92 | Q10: 85 | R10: 81 | S10: 78 | T10: 86 | U10: 79 | V10: 86 | W10: 83 | X10: 85 | Y10: 83 | Z10: 84 | AA10: 82 | AB10: 80 | AC10: 85 | AD10: 85 | AE10: 84 | AF10: 84 | AG10: 84 | AH10: 85 | AI10: 70 | AJ10: 81 | AK10: 86 | AL10: 86 | AM10: 79 | AN10: 81 | AO10: 88 | AP10: 84 | AQ10: 84 | AR10: 90 | AS10: 73 | AT10: 77 | AU10: 76 | AV10: 71 | AW10: 83 | AX10: 90 | AY10: 80 | AZ10: 82 | BA10: 83 | BB10: 83 | BC10: 91 | BD10: 85 | BE10: 80 | BF10: 79 | BG10: 81 | BH10: 81 | BI10: 82 | BJ10: 85 | BK10: 79 | BL10: 89 | BM10: 80 | BN10: 89 | BO10: 87 | BP10: 89 | BQ10: 85 | BR10: 89 | BS10: =AVERAGE(BE10,BG10,BI10) -> 81 | BT10: =AVERAGE(BF10,BH10,BJ10) -> 81.666667 | BU10: =AVERAGE(BK10,BM10,BO10,BQ10) -> 82.75 | BV10: =AVERAGE(BL10,BN10,BP10,BR10) -> 89 | BW10: 85 | BX10: 81 | BY10: 86 | BZ10: 89 | CA10: 89 | CB10: 78 | CC10: 90 | CD10: 85 | CE10: 90 | CF10: 84 | CG10: 85 | CH10: 80 | CI10: 82 | CJ10: 84 | CK10: 83 | CL10: 84 | CM10: 90 | CN10: 80 | CO10: =AVERAGE(E10:I10) -> 86 | CP10: =J10 -> 89 | CQ10: =CF10 -> 84 | CR10: =(CO10*4+CP10*3+CQ10*3)/10 -> 86.3 | CS10: =AVERAGE(K10:O10) -> 88.2 | CT10: =P10 -> 92 | CU10: =CG10 -> 85 | CV10: =(CS10*4+CT10*3+CU10*3)/10 -> 88.38 | CW10: =AVERAGE(Q10:U10) -> 81.8 | CX10: =V10 -> 86 | CY10: =CH10 -> 80 | CZ10: =(CW10*4+CX10*3+CY10*3)/10 -> 82.52 | DA10: =AVERAGE(W10:Z10) -> 83.75 | DB10: =DA10 -> 83.75 | DC10: =AVERAGE(AA10:AD10) -> 83 | DD10: =DC10 -> 83 | DE10: =AVERAGE(AE10:AF10) -> 84 | DF10: =DE10 -> 84 | DG10: =AVERAGE(AG10:AJ10) -> 80 | DH10: =DG10 -> 80 | DI10: =AK10 -> 86 | DJ10: =AL10 -> 86 | DK10: =CI10 -> 82 | DL10: =(DI10*4+DJ10*3+DK10*3)/10 -> 84.8 | DM10: =AVERAGE(AM10:AQ10) -> 83.2 | DN10: =AR10 -> 90 | DO10: =CJ10 -> 84 | DP10: =(DM10*4+DN10*3+DO10*3)/10 -> 85.48 | DQ10: =AVERAGE(AS10:AW10) -> 76 | DR10: =AX10 -> 90 | DS10: =CK10 -> 83 | DT10: =(DQ10*4+DR10*3+DS10*3)/10 -> 82.3 | DU10: =AVERAGE(AY10:AZ10) -> 81 | DV10: =DU10 -> 81 | DW10: =AVERAGE(BA10:BB10) -> 83 | DX10: =DW10 -> 83 | DY10: =AVERAGE(BC10:BD10) -> 88 | DZ10: =DY10 -> 88 | EA10: =AVERAGE(BS10:BU10) -> 81.805556 | EB10: =BV10 -> 89 | EC10: =CN10 -> 80 | ED10: =(EA10*4+EB10*3+EC10*3)/10 -> 83.422222 | EE10: =AVERAGE(BW10:BY10) -> 84 | EF10: =BZ10 -> 89 | EG10: =CM10 -> 90 | EH10: =(EE10*4+EF10*3+EG10*3)/10 -> 87.3 | EI10: =CA10 -> 89 | EJ10: =AVERAGE(CB10:CD10) -> 84.333333 | EK10: =CE10 -> 90 | EL10: =CL10 -> 84 | EM10: =(EJ10*4+EK10*3+EL10*3)/10 -> 85.933333 | EN10: =CR10 -> 86.3 | EO10: =CV10 -> 88.38 | EP10: =CZ10 -> 82.52 | EQ10: =DB10 -> 83.75 | ER10: =DD10 -> 83 | ES10: =DF10 -> 84 | ET10: =DH10 -> 80 | EU10: =DL10 -> 84.8 | EV10: =DP10 -> 85.48 | EW10: =DT10 -> 82.3 | EX10: =DV10 -> 81 | EY10: =DX10 -> 83 | EZ10: =DZ10 -> 88 | FA10: =ED10 -> 83.422222 | FB10: =EH10 -> 87.3 | FC10: =EI10 -> 89 | FD10: =EM10 -> 85.933333 | FE10: =AVERAGE(EN10:FD10) -> 84.59915
A11: 7 | B11: 0076911645 | C11: JERICHO AMAZIA AWULLE | D11: 12 TAV | E11: 80 | F11: 87 | G11: 88 | H11: 87 | I11: 85 | J11: 75 | K11: 80 | L11: 81 | M11: 92 | N11: 88 | O11: 93 | P11: 75 | Q11: 78 | R11: 78 | S11: 70 | T11: 71 | U11: 73 | V11: 75 | W11: 85 | X11: 86 | Y11: 84 | Z11: 85 | AA11: 78 | AB11: 80 | AC11: 83 | AD11: 84 | AE11: 80 | AF11: 79 | AG11: 80 | AH11: 81 | AI11: 71 | AJ11: 81 | AK11: 80 | AL11: 75 | AM11: 74 | AN11: 76 | AO11: 73 | AP11: 74 | AQ11: 72 | AR11: 75 | AS11: 71 | AT11: 73 | AU11: 70 | AV11: 70 | AW11: 73 | AX11: 75 | AY11: 77 | AZ11: 78 | BA11: 78 | BB11: 81 | BC11: 77 | BD11: 77 | BE11: 80 | BF11: 74 | BG11: 79 | BH11: 80 | BI11: 82 | BJ11: 85 | BK11: 77 | BL11: 75 | BM11: 80 | BN11: 75 | BO11: 84 | BP11: 75 | BQ11: 84 | BR11: 75 | BS11: =AVERAGE(BE11,BG11,BI11) -> 80.333333 | BT11: =AVERAGE(BF11,BH11,BJ11) -> 79.666667 | BU11: =AVERAGE(BK11,BM11,BO11,BQ11) -> 81.25 | BV11: =AVERAGE(BL11,BN11,BP11,BR11) -> 75 | BW11: 84 | BX11: 80 | BY11: 70 | BZ11: 75 | CA11: 75 | CB11: 72 | CC11: 77 | CD11: 73 | CE11: 75 | CF11: 86 | CG11: 70 | CH11: 70 | CI11: 70 | CJ11: 75 | CK11: 80 | CL11: 86 | CM11: 73 | CN11: 70 | CO11: =AVERAGE(E11:I11) -> 85.4 | CP11: =J11 -> 75 | CQ11: =CF11 -> 86 | CR11: =(CO11*4+CP11*3+CQ11*3)/10 -> 82.46 | CS11: =AVERAGE(K11:O11) -> 86.8 | CT11: =P11 -> 75 | CU11: =CG11 -> 70 | CV11: =(CS11*4+CT11*3+CU11*3)/10 -> 78.22 | CW11: =AVERAGE(Q11:U11) -> 74 | CX11: =V11 -> 75 | CY11: =CH11 -> 70 | CZ11: =(CW11*4+CX11*3+CY11*3)/10 -> 73.1 | DA11: =AVERAGE(W11:Z11) -> 85 | DB11: =DA11 -> 85 | DC11: =AVERAGE(AA11:AD11) -> 81.25 | DD11: =DC11 -> 81.25 | DE11: =AVERAGE(AE11:AF11) -> 79.5 | DF11: =DE11 -> 79.5 | DG11: =AVERAGE(AG11:AJ11) -> 78.25 | DH11: =DG11 -> 78.25 | DI11: =AK11 -> 80 | DJ11: =AL11 -> 75 | DK11: =CI11 -> 70 | DL11: =(DI11*4+DJ11*3+DK11*3)/10 -> 75.5 | DM11: =AVERAGE(AM11:AQ11) -> 73.8 | DN11: =AR11 -> 75 | DO11: =CJ11 -> 75 | DP11: =(DM11*4+DN11*3+DO11*3)/10 -> 74.52 | DQ11: =AVERAGE(AS11:AW11) -> 71.4 | DR11: =AX11 -> 75 | DS11: =CK11 -> 80 | DT11: =(DQ11*4+DR11*3+DS11*3)/10 -> 75.06 | DU11: =AVERAGE(AY11:AZ11) -> 77.5 | DV11: =DU11 -> 77.5 | DW11: =AVERAGE(BA11:BB11) -> 79.5 | DX11: =DW11 -> 79.5 | DY11: =AVERAGE(BC11:BD11) -> 77 | DZ11: =DY11 -> 77 | EA11: =AVERAGE(BS11:BU11) -> 80.416667 | EB11: =BV11 -> 75 | EC11: =CN11 -> 70 | ED11: =(EA11*4+EB11*3+EC11*3)/10 -> 75.666667 | EE11: =AVERAGE(BW11:BY11) -> 78 | EF11: =BZ11 -> 75 | EG11: =CM11 -> 73 | EH11: =(EE11*4+EF11*3+EG11*3)/10 -> 75.6 | EI11: =CA11 -> 75 | EJ11: =AVERAGE(CB11:CD11) -> 74 | EK11: =CE11 -> 75 | EL11: =CL11 -> 86 | EM11: =(EJ11*4+EK11*3+EL11*3)/10 -> 77.9 | EN11: =CR11 -> 82.46 | EO11: =CV11 -> 78.22 | EP11: =CZ11 -> 73.1 | EQ11: =DB11 -> 85 | ER11: =DD11 -> 81.25 | ES11: =DF11 -> 79.5 | ET11: =DH11 -> 78.25 | EU11: =DL11 -> 75.5 | EV11: =DP11 -> 74.52 | EW11: =DT11 -> 75.06 | EX11: =DV11 -> 77.5 | EY11: =DX11 -> 79.5 | EZ11: =DZ11 -> 77 | FA11: =ED11 -> 75.666667 | FB11: =EH11 -> 75.6 | FC11: =EI11 -> 75 | FD11: =EM11 -> 77.9 | FE11: =AVERAGE(EN11:FD11) -> 77.707451
A12: 8 | B12: 0078635840 | C12: KHALIF HONEST TAWADLU | D12: 12 TAV | E12: 82 | F12: 87 | G12: 84 | H12: 83 | I12: 85 | J12: 90 | K12: 80 | L12: 80 | M12: 93 | N12: 95 | O12: 95 | P12: 93 | Q12: 78 | R12: 78 | S12: 70 | T12: 73 | U12: 73 | V12: 89 | W12: 85 | X12: 85 | Y12: 84 | Z12: 85 | AA12: 80 | AB12: 82 | AC12: 83 | AD12: 83 | AE12: 81 | AF12: 80 | AG12: 81 | AH12: 86 | AI12: 70 | AJ12: 81 | AK12: 80 | AL12: 89 | AM12: 74 | AN12: 75 | AO12: 72 | AP12: 73 | AQ12: 74 | AR12: 90 | AS12: 71 | AT12: 74 | AU12: 72 | AV12: 71 | AW12: 77 | AX12: 90 | AY12: 77 | AZ12: 79 | BA12: 78 | BB12: 81 | BC12: 77 | BD12: 80 | BE12: 79 | BF12: 77 | BG12: 81 | BH12: 79 | BI12: 70 | BJ12: 84 | BK12: 79 | BL12: 91 | BM12: 80 | BN12: 91 | BO12: 79 | BP12: 91 | BQ12: 71 | BR12: 91 | BS12: =AVERAGE(BE12,BG12,BI12) -> 76.666667 | BT12: =AVERAGE(BF12,BH12,BJ12) -> 80 | BU12: =AVERAGE(BK12,BM12,BO12,BQ12) -> 77.25 | BV12: =AVERAGE(BL12,BN12,BP12,BR12) -> 91 | BW12: 84 | BX12: 80 | BY12: 70 | BZ12: 93 | CA12: 91 | CB12: 70 | CC12: 74 | CD12: 77 | CE12: 90 | CF12: 81 | CG12: 90 | CH12: 70 | CI12: 95 | CJ12: 76 | CK12: 80 | CL12: 76 | CM12: 93 | CN12: 95 | CO12: =AVERAGE(E12:I12) -> 84.2 | CP12: =J12 -> 90 | CQ12: =CF12 -> 81 | CR12: =(CO12*4+CP12*3+CQ12*3)/10 -> 84.98 | CS12: =AVERAGE(K12:O12) -> 88.6 | CT12: =P12 -> 93 | CU12: =CG12 -> 90 | CV12: =(CS12*4+CT12*3+CU12*3)/10 -> 90.34 | CW12: =AVERAGE(Q12:U12) -> 74.4 | CX12: =V12 -> 89 | CY12: =CH12 -> 70 | CZ12: =(CW12*4+CX12*3+CY12*3)/10 -> 77.46 | DA12: =AVERAGE(W12:Z12) -> 84.75 | DB12: =DA12 -> 84.75 | DC12: =AVERAGE(AA12:AD12) -> 82 | DD12: =DC12 -> 82 | DE12: =AVERAGE(AE12:AF12) -> 80.5 | DF12: =DE12 -> 80.5 | DG12: =AVERAGE(AG12:AJ12) -> 79.5 | DH12: =DG12 -> 79.5 | DI12: =AK12 -> 80 | DJ12: =AL12 -> 89 | DK12: =CI12 -> 95 | DL12: =(DI12*4+DJ12*3+DK12*3)/10 -> 87.2 | DM12: =AVERAGE(AM12:AQ12) -> 73.6 | DN12: =AR12 -> 90 | DO12: =CJ12 -> 76 | DP12: =(DM12*4+DN12*3+DO12*3)/10 -> 79.24 | DQ12: =AVERAGE(AS12:AW12) -> 73 | DR12: =AX12 -> 90 | DS12: =CK12 -> 80 | DT12: =(DQ12*4+DR12*3+DS12*3)/10 -> 80.2 | DU12: =AVERAGE(AY12:AZ12) -> 78 | DV12: =DU12 -> 78 | DW12: =AVERAGE(BA12:BB12) -> 79.5 | DX12: =DW12 -> 79.5 | DY12: =AVERAGE(BC12:BD12) -> 78.5 | DZ12: =DY12 -> 78.5 | EA12: =AVERAGE(BS12:BU12) -> 77.972222 | EB12: =BV12 -> 91 | EC12: =CN12 -> 95 | ED12: =(EA12*4+EB12*3+EC12*3)/10 -> 86.988889 | EE12: =AVERAGE(BW12:BY12) -> 78 | EF12: =BZ12 -> 93 | EG12: =CM12 -> 93 | EH12: =(EE12*4+EF12*3+EG12*3)/10 -> 87 | EI12: =CA12 -> 91 | EJ12: =AVERAGE(CB12:CD12) -> 73.666667 | EK12: =CE12 -> 90 | EL12: =CL12 -> 76 | EM12: =(EJ12*4+EK12*3+EL12*3)/10 -> 79.266667 | EN12: =CR12 -> 84.98 | EO12: =CV12 -> 90.34 | EP12: =CZ12 -> 77.46 | EQ12: =DB12 -> 84.75 | ER12: =DD12 -> 82 | ES12: =DF12 -> 80.5 | ET12: =DH12 -> 79.5 | EU12: =DL12 -> 87.2 | EV12: =DP12 -> 79.24 | EW12: =DT12 -> 80.2 | EX12: =DV12 -> 78 | EY12: =DX12 -> 79.5 | EZ12: =DZ12 -> 78.5 | FA12: =ED12 -> 86.988889 | FB12: =EH12 -> 87 | FC12: =EI12 -> 91 | FD12: =EM12 -> 79.266667 | FE12: =AVERAGE(EN12:FD12) -> 82.730915
A13: 9 | B13: 0077294980 | C13: RAFAELINO RUFFUS SERAN | D13: 12 TAV | E13: 86 | F13: 89 | G13: 87 | H13: 87 | I13: 92 | J13: 71 | K13: 82 | L13: 87 | M13: 95 | N13: 95 | O13: 95 | P13: 85 | Q13: 90 | R13: 83 | S13: 89 | T13: 85 | U13: 87 | V13: 79 | W13: 82 | X13: 85 | Y13: 83 | Z13: 84 | AA13: 89 | AB13: 89 | AC13: 85 | AD13: 86 | AE13: 81 | AF13: 83 | AG13: 81 | AH13: 82 | AI13: 71 | AJ13: 83 | AK13: 83 | AL13: 79 | AM13: 84 | AN13: 85 | AO13: 89 | AP13: 90 | AQ13: 86 | AR13: 85 | AS13: 81 | AT13: 83 | AU13: 85 | AV13: 85 | AW13: 85 | AX13: 85 | AY13: 79 | AZ13: 80 | BA13: 88 | BB13: 90 | BC13: 90 | BD13: 87 | BE13: 82 | BF13: 83 | BG13: 84 | BH13: 82 | BI13: 84 | BJ13: 85 | BK13: 82 | BL13: 82 | BM13: 80 | BN13: 82 | BO13: 86 | BP13: 82 | BQ13: 84 | BR13: 82 | BS13: =AVERAGE(BE13,BG13,BI13) -> 83.333333 | BT13: =AVERAGE(BF13,BH13,BJ13) -> 83.333333 | BU13: =AVERAGE(BK13,BM13,BO13,BQ13) -> 83 | BV13: =AVERAGE(BL13,BN13,BP13,BR13) -> 82 | BW13: 85 | BX13: 80 | BY13: 85 | BZ13: 88 | CA13: 82 | CB13: 81 | CC13: 88 | CD13: 76 | CE13: 85 | CF13: 80 | CG13: 95 | CH13: 78 | CI13: 85 | CJ13: 87 | CK13: 85 | CL13: 89 | CM13: 85 | CN13: 90 | CO13: =AVERAGE(E13:I13) -> 88.2 | CP13: =J13 -> 71 | CQ13: =CF13 -> 80 | CR13: =(CO13*4+CP13*3+CQ13*3)/10 -> 80.58 | CS13: =AVERAGE(K13:O13) -> 90.8 | CT13: =P13 -> 85 | CU13: =CG13 -> 95 | CV13: =(CS13*4+CT13*3+CU13*3)/10 -> 90.32 | CW13: =AVERAGE(Q13:U13) -> 86.8 | CX13: =V13 -> 79 | CY13: =CH13 -> 78 | CZ13: =(CW13*4+CX13*3+CY13*3)/10 -> 81.82 | DA13: =AVERAGE(W13:Z13) -> 83.5 | DB13: =DA13 -> 83.5 | DC13: =AVERAGE(AA13:AD13) -> 87.25 | DD13: =DC13 -> 87.25 | DE13: =AVERAGE(AE13:AF13) -> 82 | DF13: =DE13 -> 82 | DG13: =AVERAGE(AG13:AJ13) -> 79.25 | DH13: =DG13 -> 79.25 | DI13: =AK13 -> 83 | DJ13: =AL13 -> 79 | DK13: =CI13 -> 85 | DL13: =(DI13*4+DJ13*3+DK13*3)/10 -> 82.4 | DM13: =AVERAGE(AM13:AQ13) -> 86.8 | DN13: =AR13 -> 85 | DO13: =CJ13 -> 87 | DP13: =(DM13*4+DN13*3+DO13*3)/10 -> 86.32 | DQ13: =AVERAGE(AS13:AW13) -> 83.8 | DR13: =AX13 -> 85 | DS13: =CK13 -> 85 | DT13: =(DQ13*4+DR13*3+DS13*3)/10 -> 84.52 | DU13: =AVERAGE(AY13:AZ13) -> 79.5 | DV13: =DU13 -> 79.5 | DW13: =AVERAGE(BA13:BB13) -> 89 | DX13: =DW13 -> 89 | DY13: =AVERAGE(BC13:BD13) -> 88.5 | DZ13: =DY13 -> 88.5 | EA13: =AVERAGE(BS13:BU13) -> 83.222222 | EB13: =BV13 -> 82 | EC13: =CN13 -> 90 | ED13: =(EA13*4+EB13*3+EC13*3)/10 -> 84.888889 | EE13: =AVERAGE(BW13:BY13) -> 83.333333 | EF13: =BZ13 -> 88 | EG13: =CM13 -> 85 | EH13: =(EE13*4+EF13*3+EG13*3)/10 -> 85.233333 | EI13: =CA13 -> 82 | EJ13: =AVERAGE(CB13:CD13) -> 81.666667 | EK13: =CE13 -> 85 | EL13: =CL13 -> 89 | EM13: =(EJ13*4+EK13*3+EL13*3)/10 -> 84.866667 | EN13: =CR13 -> 80.58 | EO13: =CV13 -> 90.32 | EP13: =CZ13 -> 81.82 | EQ13: =DB13 -> 83.5 | ER13: =DD13 -> 87.25 | ES13: =DF13 -> 82 | ET13: =DH13 -> 79.25 | EU13: =DL13 -> 82.4 | EV13: =DP13 -> 86.32 | EW13: =DT13 -> 84.52 | EX13: =DV13 -> 79.5 | EY13: =DX13 -> 89 | EZ13: =DZ13 -> 88.5 | FA13: =ED13 -> 84.888889 | FB13: =EH13 -> 85.233333 | FC13: =EI13 -> 82 | FD13: =EM13 -> 84.866667 | FE13: =AVERAGE(EN13:FD13) -> 84.232288
A14: 10 | B14: 0072799712 | C14: RASYA JULIAN SAPUTRA | D14: 12 TAV | E14: 86 | F14: 89 | G14: 89 | H14: 86 | I14: 90 | J14: 78 | K14: 84 | L14: 80 | M14: 92 | N14: 92 | O14: 92 | P14: 79 | Q14: 83 | R14: 77 | S14: 81 | T14: 79 | U14: 76 | V14: 77 | W14: 82 | X14: 84 | Y14: 82 | Z14: 84 | AA14: 89 | AB14: 86 | AC14: 73 | AD14: 80 | AE14: 87 | AF14: 92 | AG14: 87 | AH14: 85 | AI14: 74 | AJ14: 83 | AK14: 80 | AL14: 77 | AM14: 80 | AN14: 80 | AO14: 79 | AP14: 80 | AQ14: 81 | AR14: 78 | AS14: 77 | AT14: 83 | AU14: 80 | AV14: 75 | AW14: 86 | AX14: 78 | AY14: 75 | AZ14: 79 | BA14: 86 | BB14: 88 | BC14: 90 | BD14: 88 | BE14: 87 | BF14: 82 | BG14: 88 | BH14: 83 | BI14: 84 | BJ14: 85 | BK14: 86 | BL14: 78 | BM14: 80 | BN14: 78 | BO14: 86 | BP14: 78 | BQ14: 84 | BR14: 78 | BS14: =AVERAGE(BE14,BG14,BI14) -> 86.333333 | BT14: =AVERAGE(BF14,BH14,BJ14) -> 83.333333 | BU14: =AVERAGE(BK14,BM14,BO14,BQ14) -> 84 | BV14: =AVERAGE(BL14,BN14,BP14,BR14) -> 78 | BW14: 85 | BX14: 80 | BY14: 86 | BZ14: 79 | CA14: 78 | CB14: 80 | CC14: 86 | CD14: 74 | CE14: 78 | CF14: 82 | CG14: 92 | CH14: 75 | CI14: 82 | CJ14: 82 | CK14: 85 | CL14: 88 | CM14: 89 | CN14: 72 | CO14: =AVERAGE(E14:I14) -> 88 | CP14: =J14 -> 78 | CQ14: =CF14 -> 82 | CR14: =(CO14*4+CP14*3+CQ14*3)/10 -> 83.2 | CS14: =AVERAGE(K14:O14) -> 88 | CT14: =P14 -> 79 | CU14: =CG14 -> 92 | CV14: =(CS14*4+CT14*3+CU14*3)/10 -> 86.5 | CW14: =AVERAGE(Q14:U14) -> 79.2 | CX14: =V14 -> 77 | CY14: =CH14 -> 75 | CZ14: =(CW14*4+CX14*3+CY14*3)/10 -> 77.28 | DA14: =AVERAGE(W14:Z14) -> 83 | DB14: =DA14 -> 83 | DC14: =AVERAGE(AA14:AD14) -> 82 | DD14: =DC14 -> 82 | DE14: =AVERAGE(AE14:AF14) -> 89.5 | DF14: =DE14 -> 89.5 | DG14: =AVERAGE(AG14:AJ14) -> 82.25 | DH14: =DG14 -> 82.25 | DI14: =AK14 -> 80 | DJ14: =AL14 -> 77 | DK14: =CI14 -> 82 | DL14: =(DI14*4+DJ14*3+DK14*3)/10 -> 79.7 | DM14: =AVERAGE(AM14:AQ14) -> 80 | DN14: =AR14 -> 78 | DO14: =CJ14 -> 82 | DP14: =(DM14*4+DN14*3+DO14*3)/10 -> 80 | DQ14: =AVERAGE(AS14:AW14) -> 80.2 | DR14: =AX14 -> 78 | DS14: =CK14 -> 85 | DT14: =(DQ14*4+DR14*3+DS14*3)/10 -> 80.98 | DU14: =AVERAGE(AY14:AZ14) -> 77 | DV14: =DU14 -> 77 | DW14: =AVERAGE(BA14:BB14) -> 87 | DX14: =DW14 -> 87 | DY14: =AVERAGE(BC14:BD14) -> 89 | DZ14: =DY14 -> 89 | EA14: =AVERAGE(BS14:BU14) -> 84.555556 | EB14: =BV14 -> 78 | EC14: =CN14 -> 72 | ED14: =(EA14*4+EB14*3+EC14*3)/10 -> 78.822222 | EE14: =AVERAGE(BW14:BY14) -> 83.666667 | EF14: =BZ14 -> 79 | EG14: =CM14 -> 89 | EH14: =(EE14*4+EF14*3+EG14*3)/10 -> 83.866667 | EI14: =CA14 -> 78 | EJ14: =AVERAGE(CB14:CD14) -> 80 | EK14: =CE14 -> 78 | EL14: =CL14 -> 88 | EM14: =(EJ14*4+EK14*3+EL14*3)/10 -> 81.8 | EN14: =CR14 -> 83.2 | EO14: =CV14 -> 86.5 | EP14: =CZ14 -> 77.28 | EQ14: =DB14 -> 83 | ER14: =DD14 -> 82 | ES14: =DF14 -> 89.5 | ET14: =DH14 -> 82.25 | EU14: =DL14 -> 79.7 | EV14: =DP14 -> 80 | EW14: =DT14 -> 80.98 | EX14: =DV14 -> 77 | EY14: =DX14 -> 87 | EZ14: =DZ14 -> 89 | FA14: =ED14 -> 78.822222 | FB14: =EH14 -> 83.866667 | FC14: =EI14 -> 78 | FD14: =EM14 -> 81.8 | FE14: =AVERAGE(EN14:FD14) -> 82.346993
A15: 11 | B15: 0071406334 | C15: RAYHAN ADI SAPUTRA | D15: 12 TAV | E15: 82 | F15: 87 | G15: 86 | H15: 85 | I15: 84 | J15: 79 | K15: 80 | L15: 80 | M15: 88 | N15: 83 | O15: 88 | P15: 79 | Q15: 82 | R15: 80 | S15: 77 | T15: 72 | U15: 77 | V15: 79 | W15: 82 | X15: 85 | Y15: 84 | Z15: 85 | AA15: 81 | AB15: 84 | AC15: 73 | AD15: 78 | AE15: 83 | AF15: 84 | AG15: 83 | AH15: 85 | AI15: 70 | AJ15: 81 | AK15: 80 | AL15: 79 | AM15: 76 | AN15: 76 | AO15: 73 | AP15: 74 | AQ15: 79 | AR15: 80 | AS15: 72 | AT15: 77 | AU15: 75 | AV15: 73 | AW15: 83 | AX15: 80 | AY15: 75 | AZ15: 79 | BA15: 82 | BB15: 86 | BC15: 79 | BD15: 86 | BE15: 83 | BF15: 77 | BG15: 84 | BH15: 82 | BI15: 80 | BJ15: 84 | BK15: 82 | BL15: 80 | BM15: 80 | BN15: 80 | BO15: 86 | BP15: 80 | BQ15: 84 | BR15: 80 | BS15: =AVERAGE(BE15,BG15,BI15) -> 82.333333 | BT15: =AVERAGE(BF15,BH15,BJ15) -> 81 | BU15: =AVERAGE(BK15,BM15,BO15,BQ15) -> 83 | BV15: =AVERAGE(BL15,BN15,BP15,BR15) -> 80 | BW15: 85 | BX15: 80 | BY15: 85 | BZ15: 81 | CA15: 80 | CB15: 74 | CC15: 78 | CD15: 74 | CE15: 80 | CF15: 85 | CG15: 90 | CH15: 75 | CI15: 80 | CJ15: 80 | CK15: 83 | CL15: 85 | CM15: 97 | CN15: 70 | CO15: =AVERAGE(E15:I15) -> 84.8 | CP15: =J15 -> 79 | CQ15: =CF15 -> 85 | CR15: =(CO15*4+CP15*3+CQ15*3)/10 -> 83.12 | CS15: =AVERAGE(K15:O15) -> 83.8 | CT15: =P15 -> 79 | CU15: =CG15 -> 90 | CV15: =(CS15*4+CT15*3+CU15*3)/10 -> 84.22 | CW15: =AVERAGE(Q15:U15) -> 77.6 | CX15: =V15 -> 79 | CY15: =CH15 -> 75 | CZ15: =(CW15*4+CX15*3+CY15*3)/10 -> 77.24 | DA15: =AVERAGE(W15:Z15) -> 84 | DB15: =DA15 -> 84 | DC15: =AVERAGE(AA15:AD15) -> 79 | DD15: =DC15 -> 79 | DE15: =AVERAGE(AE15:AF15) -> 83.5 | DF15: =DE15 -> 83.5 | DG15: =AVERAGE(AG15:AJ15) -> 79.75 | DH15: =DG15 -> 79.75 | DI15: =AK15 -> 80 | DJ15: =AL15 -> 79 | DK15: =CI15 -> 80 | DL15: =(DI15*4+DJ15*3+DK15*3)/10 -> 79.7 | DM15: =AVERAGE(AM15:AQ15) -> 75.6 | DN15: =AR15 -> 80 | DO15: =CJ15 -> 80 | DP15: =(DM15*4+DN15*3+DO15*3)/10 -> 78.24 | DQ15: =AVERAGE(AS15:AW15) -> 76 | DR15: =AX15 -> 80 | DS15: =CK15 -> 83 | DT15: =(DQ15*4+DR15*3+DS15*3)/10 -> 79.3 | DU15: =AVERAGE(AY15:AZ15) -> 77 | DV15: =DU15 -> 77 | DW15: =AVERAGE(BA15:BB15) -> 84 | DX15: =DW15 -> 84 | DY15: =AVERAGE(BC15:BD15) -> 82.5 | DZ15: =DY15 -> 82.5 | EA15: =AVERAGE(BS15:BU15) -> 82.111111 | EB15: =BV15 -> 80 | EC15: =CN15 -> 70 | ED15: =(EA15*4+EB15*3+EC15*3)/10 -> 77.844444 | EE15: =AVERAGE(BW15:BY15) -> 83.333333 | EF15: =BZ15 -> 81 | EG15: =CM15 -> 97 | EH15: =(EE15*4+EF15*3+EG15*3)/10 -> 86.733333 | EI15: =CA15 -> 80 | EJ15: =AVERAGE(CB15:CD15) -> 75.333333 | EK15: =CE15 -> 80 | EL15: =CL15 -> 85 | EM15: =(EJ15*4+EK15*3+EL15*3)/10 -> 79.633333 | EN15: =CR15 -> 83.12 | EO15: =CV15 -> 84.22 | EP15: =CZ15 -> 77.24 | EQ15: =DB15 -> 84 | ER15: =DD15 -> 79 | ES15: =DF15 -> 83.5 | ET15: =DH15 -> 79.75 | EU15: =DL15 -> 79.7 | EV15: =DP15 -> 78.24 | EW15: =DT15 -> 79.3 | EX15: =DV15 -> 77 | EY15: =DX15 -> 84 | EZ15: =DZ15 -> 82.5 | FA15: =ED15 -> 77.844444 | FB15: =EH15 -> 86.733333 | FC15: =EI15 -> 80 | FD15: =EM15 -> 79.633333 | FE15: =AVERAGE(EN15:FD15) -> 80.928301
A16: 12 | B16: 0051828635 | C16: SELVIA OKTAVIANI | D16: 12 TAV | E16: 88 | F16: 90 | G16: 88 | H16: 88 | I16: 91 | J16: 75 | K16: 86 | L16: 80 | M16: 81 | N16: 88 | O16: 88 | P16: 70 | Q16: 85 | R16: 79 | S16: 81 | T16: 78 | U16: 77 | V16: 79 | W16: 82 | X16: 85 | Y16: 82 | Z16: 83 | AA16: 80 | AB16: 82 | AC16: 85 | AD16: 86 | AE16: 85 | AF16: 86 | AG16: 85 | AH16: 87 | AI16: 80 | AJ16: 82 | AK16: 84 | AL16: 79 | AM16: 75 | AN16: 77 | AO16: 77 | AP16: 78 | AQ16: 82 | AR16: 75 | AS16: 77 | AT16: 80 | AU16: 74 | AV16: 75 | AW16: 77 | AX16: 75 | AY16: 78 | AZ16: 79 | BA16: 82 | BB16: 82 | BC16: 91 | BD16: 80 | BE16: 81 | BF16: 76 | BG16: 82 | BH16: 81 | BI16: 82 | BJ16: 85 | BK16: 80 | BL16: 76 | BM16: 80 | BN16: 76 | BO16: 86 | BP16: 76 | BQ16: 84 | BR16: 76 | BS16: =AVERAGE(BE16,BG16,BI16) -> 81.666667 | BT16: =AVERAGE(BF16,BH16,BJ16) -> 80.666667 | BU16: =AVERAGE(BK16,BM16,BO16,BQ16) -> 82.5 | BV16: =AVERAGE(BL16,BN16,BP16,BR16) -> 76 | BW16: 84 | BX16: 81 | BY16: 86 | BZ16: 80 | CA16: 76 | CB16: 78 | CC16: 91 | CD16: 74 | CE16: 75 | CF16: 85 | CG16: 90 | CH16: 85 | CI16: 77 | CJ16: 83 | CK16: 85 | CL16: 89 | CM16: 91 | CN16: 85 | CO16: =AVERAGE(E16:I16) -> 89 | CP16: =J16 -> 75 | CQ16: =CF16 -> 85 | CR16: =(CO16*4+CP16*3+CQ16*3)/10 -> 83.6 | CS16: =AVERAGE(K16:O16) -> 84.6 | CT16: =P16 -> 70 | CU16: =CG16 -> 90 | CV16: =(CS16*4+CT16*3+CU16*3)/10 -> 81.84 | CW16: =AVERAGE(Q16:U16) -> 80 | CX16: =V16 -> 79 | CY16: =CH16 -> 85 | CZ16: =(CW16*4+CX16*3+CY16*3)/10 -> 81.2 | DA16: =AVERAGE(W16:Z16) -> 83 | DB16: =DA16 -> 83 | DC16: =AVERAGE(AA16:AD16) -> 83.25 | DD16: =DC16 -> 83.25 | DE16: =AVERAGE(AE16:AF16) -> 85.5 | DF16: =DE16 -> 85.5 | DG16: =AVERAGE(AG16:AJ16) -> 83.5 | DH16: =DG16 -> 83.5 | DI16: =AK16 -> 84 | DJ16: =AL16 -> 79 | DK16: =CI16 -> 77 | DL16: =(DI16*4+DJ16*3+DK16*3)/10 -> 80.4 | DM16: =AVERAGE(AM16:AQ16) -> 77.8 | DN16: =AR16 -> 75 | DO16: =CJ16 -> 83 | DP16: =(DM16*4+DN16*3+DO16*3)/10 -> 78.52 | DQ16: =AVERAGE(AS16:AW16) -> 76.6 | DR16: =AX16 -> 75 | DS16: =CK16 -> 85 | DT16: =(DQ16*4+DR16*3+DS16*3)/10 -> 78.64 | DU16: =AVERAGE(AY16:AZ16) -> 78.5 | DV16: =DU16 -> 78.5 | DW16: =AVERAGE(BA16:BB16) -> 82 | DX16: =DW16 -> 82 | DY16: =AVERAGE(BC16:BD16) -> 85.5 | DZ16: =DY16 -> 85.5 | EA16: =AVERAGE(BS16:BU16) -> 81.611111 | EB16: =BV16 -> 76 | EC16: =CN16 -> 85 | ED16: =(EA16*4+EB16*3+EC16*3)/10 -> 80.944444 | EE16: =AVERAGE(BW16:BY16) -> 83.666667 | EF16: =BZ16 -> 80 | EG16: =CM16 -> 91 | EH16: =(EE16*4+EF16*3+EG16*3)/10 -> 84.766667 | EI16: =CA16 -> 76 | EJ16: =AVERAGE(CB16:CD16) -> 81 | EK16: =CE16 -> 75 | EL16: =CL16 -> 89 | EM16: =(EJ16*4+EK16*3+EL16*3)/10 -> 81.6 | EN16: =CR16 -> 83.6 | EO16: =CV16 -> 81.84 | EP16: =CZ16 -> 81.2 | EQ16: =DB16 -> 83 | ER16: =DD16 -> 83.25 | ES16: =DF16 -> 85.5 | ET16: =DH16 -> 83.5 | EU16: =DL16 -> 80.4 | EV16: =DP16 -> 78.52 | EW16: =DT16 -> 78.64 | EX16: =DV16 -> 78.5 | EY16: =DX16 -> 82 | EZ16: =DZ16 -> 85.5 | FA16: =ED16 -> 80.944444 | FB16: =EH16 -> 84.766667 | FC16: =EI16 -> 76 | FD16: =EM16 -> 81.6 | FE16: =AVERAGE(EN16:FD16) -> 81.69183
... A18: 14 | B18: 0061447141 | C18: ZASKIA ZANIAR | D18: 12 TAV | E18: 88 | F18: 90 | G18: 89 | H18: 89 | I18: 91 | J18: 95 | K18: 85 | L18: 85 | M18: 95 | N18: 95 | O18: 95 | P18: 89 | Q18: 90 | R18: 85 | S18: 80 | T18: 87 | U18: 88 | V18: 87 | W18: 86 | X18: 86 | Y18: 85 | Z18: 86 | AA18: 83 | AB18: 88 | AC18: 86 | AD18: 87 | AE18: 85 | AF18: 87 | AG18: 85 | AH18: 89 | AI18: 73 | AJ18: 82 | AK18: 90 | AL18: 87 | AM18: 75 | AN18: 77 | AO18: 75 | AP18: 76 | AQ18: 81 | AR18: 86 | AS18: 93 | AT18: 90 | AU18: 87 | AV18: 83 | AW18: 86 | AX18: 86 | AY18: 79 | AZ18: 80 | BA18: 88 | BB18: 95 | BC18: 91 | BD18: 83 | BE18: 86 | BF18: 80 | BG18: 88 | BH18: 83 | BI18: 84 | BJ18: 86 | BK18: 86 | BL18: 89 | BM18: 80 | BN18: 89 | BO18: 86 | BP18: 89 | BQ18: 85 | BR18: 89 | BS18: =AVERAGE(BE18,BG18,BI18) -> 86 | BT18: =AVERAGE(BF18,BH18,BJ18) -> 83 | BU18: =AVERAGE(BK18,BM18,BO18,BQ18) -> 84.25 | BV18: =AVERAGE(BL18,BN18,BP18,BR18) -> 89 | BW18: 85 | BX18: 82 | BY18: 86 | BZ18: 86 | CA18: 89 | CB18: 84 | CC18: 92 | CD18: 85 | CE18: 86 | CF18: 91 | CG18: 95 | CH18: 85 | CI18: 97 | CJ18: 82 | CK18: 86 | CL18: 89 | CM18: 97 | CN18: 75 | CO18: =AVERAGE(E18:I18) -> 89.4 | CP18: =J18 -> 95 | CQ18: =CF18 -> 91 | CR18: =(CO18*4+CP18*3+CQ18*3)/10 -> 91.56 | CS18: =AVERAGE(K18:O18) -> 91 | CT18: =P18 -> 89 | CU18: =CG18 -> 95 | CV18: =(CS18*4+CT18*3+CU18*3)/10 -> 91.6 | CW18: =AVERAGE(Q18:U18) -> 86 | CX18: =V18 -> 87 | CY18: =CH18 -> 85 | CZ18: =(CW18*4+CX18*3+CY18*3)/10 -> 86 | DA18: =AVERAGE(W18:Z18) -> 85.75 | DB18: =DA18 -> 85.75 | DC18: =AVERAGE(AA18:AD18) -> 86 | DD18: =DC18 -> 86 | DE18: =AVERAGE(AE18:AF18) -> 86 | DF18: =DE18 -> 86 | DG18: =AVERAGE(AG18:AJ18) -> 82.25 | DH18: =DG18 -> 82.25 | DI18: =AK18 -> 90 | DJ18: =AL18 -> 87 | DK18: =CI18 -> 97 | DL18: =(DI18*4+DJ18*3+DK18*3)/10 -> 91.2 | DM18: =AVERAGE(AM18:AQ18) -> 76.8 | DN18: =AR18 -> 86 | DO18: =CJ18 -> 82 | DP18: =(DM18*4+DN18*3+DO18*3)/10 -> 81.12 | DQ18: =AVERAGE(AS18:AW18) -> 87.8 | DR18: =AX18 -> 86 | DS18: =CK18 -> 86 | DT18: =(DQ18*4+DR18*3+DS18*3)/10 -> 86.72 | DU18: =AVERAGE(AY18:AZ18) -> 79.5 | DV18: =DU18 -> 79.5 | DW18: =AVERAGE(BA18:BB18) -> 91.5 | DX18: =DW18 -> 91.5 | DY18: =AVERAGE(BC18:BD18) -> 87 | DZ18: =DY18 -> 87 | EA18: =AVERAGE(BS18:BU18) -> 84.416667 | EB18: =BV18 -> 89 | EC18: =CN18 -> 75 | ED18: =(EA18*4+EB18*3+EC18*3)/10 -> 82.966667 | EE18: =AVERAGE(BW18:BY18) -> 84.333333 | EF18: =BZ18 -> 86 | EG18: =CM18 -> 97 | EH18: =(EE18*4+EF18*3+EG18*3)/10 -> 88.633333 | EI18: =CA18 -> 89 | EJ18: =AVERAGE(CB18:CD18) -> 87 | EK18: =CE18 -> 86 | EL18: =CL18 -> 89 | EM18: =(EJ18*4+EK18*3+EL18*3)/10 -> 87.3 | EN18: =CR18 -> 91.56 | EO18: =CV18 -> 91.6 | EP18: =CZ18 -> 86 | EQ18: =DB18 -> 85.75 | ER18: =DD18 -> 86 | ES18: =DF18 -> 86 | ET18: =DH18 -> 82.25 | EU18: =DL18 -> 91.2 | EV18: =DP18 -> 81.12 | EW18: =DT18 -> 86.72 | EX18: =DV18 -> 79.5 | EY18: =DX18 -> 91.5 | EZ18: =DZ18 -> 87 | FA18: =ED18 -> 82.966667 | FB18: =EH18 -> 88.633333 | FC18: =EI18 -> 89 | FD18: =EM18 -> 87.3 | FE18: =AVERAGE(EN18:FD18) -> 86.711765

Sheet Sheet2
B3: LAPORAN MASING - MASING WALAS XII | H3: XII TKJ 2 | I3: Fatmawaty | M3: XII AK | N3: Heni
H4: L | I4: 18 | M4: L | N4: 0
B5: XII TE | C5: halim hafis | H5: P | I5: 17 | M5: P | N5: 40
B6: L | C6: 8 | H6: JUMLAH SISWA | I6: 35 | M6: JUMLAH SISWA | N6: 40
B7: P | C7: 6 | H7: SISWA YG BERMASALAH | K7: DITA ROSALINDA | M7: SISWA YG BERMASALAH
B8: JUMLAH SISWA | C8: 14 | K8: ABSENSI
B9: siswa bermasalah | C9: Jericho | D9: ABSENSI
C10: Khalip | D10: ABSENSI
B13: XII TO 1 | C13: HERLAMBANG PRAMONO, S.Pd
B14: L | C14: 20 | H14: XII TKJ 3 | I14: Listia
B15: P | C15: 0 | H15: L | I15: 17
B16: JUMLAH SISWA | C16: 20 | H16: P | I16: 19
B17: SISWA YG BERMASALAH | D17: IHSANTOSO | H17: JUMLAH SISWA | I17: 36
D18: ABSENSI | H18: SISWA YG BERMASALAH | K18: M. Nizar
K19: ABSENSI
B20: XII TO 2 | C20: NURAINI, S.Pd
B21: L | C21: 19
B22: P | C22: 0
B23: JUMLAH SISWA | C23: 19
B24: SISWA YG BERMASALAH | D24: ALGHANIYYU
D25: ABSENSI
B27: XII TKJ 1 | C27: WAHYU PERDANA, S.Kom
B28: L | C28: 15
B29: P | C29: 21
B30: JUMLAH | C30: 36
B31: SISWA BERMASALAH

Sheet SISWA PRESTASI
A1: NO | B1: NAMA | C1: KLS | D1: NS
A2: 175 | B2: ELISYA MEIZAHRA | C2: 12 AKL | D2: 88.901765 | G2: NAMA SISWA PRESTASI BID. AKADEMIK | H2: KELAS | I2: RATA2 NILAI AKHIR SEKOLAH | J2: KET
A3: 178 | B3: HALUNA SHAFA RAHMADANI | C3: 12 AKL | D3: 88.86549 | G3: ELISYA MEIZAHRA | H3: 12 AKL | I3: 88.901765
A4: 143 | B4: MUHAMMAD RIFKI HIDAYAT | C4: 12 TKJ 3 | D4: 88.441307 | G4: MUHAMMAD RIFKI HIDAYAT | H4: 12 TKJ 3 | I4: 88.441307
A5: 62 | B5: B'RIEW ONGARTA KAYANA | C5: 12 TKJ 1 | D5: 88.107712 | G5: RASYA FIRMANSAH | H5: 12 TKR 1 | I5: 87.944771
A6: 95 | B6: BILQIS NAZWA SAFIRA | C6: 12 TKJ 2 | D6: 88.062222 | G6: ZASKIA ZANIAR | H6: 12 TAV | I6: 86.711765
A7: 33 | B7: RASYA FIRMANSAH | C7: 12 TKR 1 | D7: 87.944771
A8: 192 | B8: RENDA MAWAR RANI | C8: 12 AKL | D8: 87.909804
A9: 43 | B9: MOCH FAUZAN FIRDAUS | C9: 12 TKR 2 | D9: 87.696667
A10: 60 | B10: AY GRACE JIREHANAFI | C10: 12 TKJ 1 | D10: 87.204837
A11: 118 | B11: RETNO PUTRI AMELIA | C11: 12 TKJ 2 | D11: 87.14634
A12: 181 | B12: MEVIA ANDARA ARIF | C12: 12 AKL | D12: 87.142353
A13: 125 | B13: AHMAD RAMDANI | C13: 12 TKJ 3 | D13: 86.805752
A14: 120 | B14: SALMA TIANA | C14: 12 TKJ 2 | D14: 86.790458
A15: 14 | B15: ZASKIA ZANIAR | C15: 12 TAV | D15: 86.711765
A16: 124 | B16: ZAHRA MAULIDAH | C16: 12 TKJ 2 | D16: 86.653595
A17: 102 | B17: HALIM DAFA ANDIKA | C17: 12 TKJ 2 | D17: 86.501176
A18: 189 | B18: R. CAYSHIA FEBRILYAN | C18: 12 AKL | D18: 86.445686
... A201: 36 | B201: AL GHANIYYU SYAHRUL PARINDINGAN | C201: 12 TKR 2 | D201: 77.500392

Sheet 12 TE
A1: PENGOLAHAN NILAI UJIAN SATUAN PENDIDIKAN
A2: TAHUN PELAJARAN 2024 / 2025
A4: NAMA SEKOLAH | D4: : SMKS TINTA EMAS INDONESIA
A5: ALAMAT | D5: : JL. ASEM RAYA NO.1 KP. CIKETING KEL./KEC. MUSTIKA JAYA KOTA BEKASI 17158
A8: NOMOR | B8: NIS | C8: NAMA SISWA | E8: MATA PELAJARAN UMUM | K8: MUATAN LOKAL | M8: MATA PELAJARAN KEJURUAN | V8: NILAI RATA-RATA
D9: JENIS NILAI | E9: Pend. Agama dan Budi Pekerti | F9: PendIdikan Pancasila | G9: Bahasa Indonesia | H9: Pendidikan Jasmani, Olah Raga dan Kesehatan | I9: Sejarah | J9: Seni Budaya | K9: Bahasa Sunda | L9: Publik Speaking | M9: Matematika | N9: Bahasa Inggris | O9: Informatika | P9: IPAS | Q9: Dasar-Dasar Program Keahlian | R9: Konsentrasi Keahlian | S9: Projek Kreatif dan Kewirausahaan | T9: Praktek Kerja Lapangan | U9: Mata Pelajaran Pilihan (Bahasa Jepang)
AB10: 49
AB11: 12
A12: 1 | B12: 222310001 | C12: ADRIAN FAUZAN | D12: SMT 1 | E12: =te!$E$5 -> 82 | F12: =te!$K$5 -> 80 | G12: =te!$Q$5 -> 80 | H12: =te!$W$5 -> 82 | I12: =te!$AA$5 -> 75 | J12: =te!$AE$5 -> 83 | K12: =te!$AG$5 -> 83 | M12: =te!$AM$5 -> 75 | N12: =te!$AS$5 -> 73 | O12: =te!$AY$5 -> 75 | P12: =te!$BA$5 -> 79 | Q12: =te!$BC$5 -> 85 | X12: 5 | AB12: 44
D13: SMT 2 | E13: =te!$F$5 -> 89 | F13: =te!$L$5 -> 81 | G13: =te!$R$5 -> 77 | H13: =te!$X$5 -> 83 | I13: =te!$AB$5 -> 78 | J13: =te!$AF$5 -> 83 | K13: =te!$AH$5 -> 85 | M13: =te!$AN$5 -> 76 | N13: =te!$AT$5 -> 73 | O13: =te!$AZ$5 -> 80 | P13: =te!$BB$5 -> 80 | Q13: =te!$BD$5 -> 75 | X13: 5 | AB13: 34
D14: SMT 3 | E14: =te!$G$5 -> 86 | F14: =te!$M$5 -> 70 | G14: =te!$S$5 -> 70 | H14: =te!$Y$5 -> 80 | I14: =te!$AC$5 -> 73 | K14: =te!$AI$5 -> 70 | M14: =te!$AO$5 -> 72 | N14: =te!$AU$5 -> 71 | R14: =te!$BS$5 -> 75.666667 | S14: =te!$BW$5 -> 82 | U14: =te!$CB$5 -> 70 | X14: 5 | AB14: 33
D15: SMT 4 | E15: =te!$H$5 -> 85 | F15: =te!$N$5 -> 83 | G15: =te!$T$5 -> 72 | H15: =te!$Z$5 -> 83 | I15: =te!$AD$5 -> 75 | K15: =te!$AJ$5 -> 80 | M15: =te!$AP$5 -> 73 | N15: =te!$AV$5 -> 70 | R15: =te!$BT$5 -> 79.333333 | S15: =te!$BX$5 -> 80 | U15: =te!$CC$5 -> 72 | X15: 5 | AB15: 42
D16: SMT 5 | E16: =te!$I$5 -> 80 | F16: =te!$O$5 -> 88 | G16: =te!$U$5 -> 73 | L16: =te!$AK$5 -> 89 | M16: =te!$AQ$5 -> 76 | N16: =te!$AW$5 -> 73 | R16: =te!$BU$5 -> 77 | S16: =te!$BY$5 -> 70 | U16: =te!$CD$5 -> 74 | X16: 5 | AB16: 43
D17: PORTOPOLIO | E17: =AVERAGE(E12:E16) -> 84.4 | F17: =AVERAGE(F12:F16) -> 80.4 | G17: =AVERAGE(G12:G16) -> 74.4 | L17: =AVERAGE(L12:L16) -> 89 | M17: =AVERAGE(M12:M16) -> 74.4 | N17: =AVERAGE(N12:N16) -> 72 | R17: =AVERAGE(R14:R16) -> 77.333333 | S17: =AVERAGE(S14:S16) -> 77.333333 | U17: =AVERAGE(U12:U16) -> 72 | X17: 5 | AB17: 29
D18: PENUGASAN | E18: =te!$J$5 -> 80 | F18: =te!$P$5 -> 81 | G18: =te!$V$5 -> 78 | L18: =te!$AL$5 -> 78 | M18: =te!$AR$5 -> 80 | N18: =te!$AX$5 -> 80 | R18: =te!$BV$5 -> 80 | S18: =te!$BZ$5 -> 79 | T18: =te!$CA$5 -> 80 | U18: =te!$CE$5 -> 80 | X18: 5 | AB18: 58
D19: Nilai US | E19: =te!$CF$5 -> 81 | F19: =te!$CG$5 -> 75 | G19: =te!$CH$5 -> 75 | L19: =te!$CI$5 -> 75 | M19: =te!$CJ$5 -> 76 | N19: =te!$CK$5 -> 80 | R19: =te!$CN$5 -> 70 | S19: =te!$CM$5 -> 71 | U19: =te!$CL$5 -> 70 | X19: 5 | AB19: 34
D20: Nilai Akhir | E20: =(E17*4+E18*3+E19*3)/10 -> 82.06 | F20: =(F17*4+F18*3+F19*3)/10 -> 78.96 | G20: =(G17*4+G18*3+G19*3)/10 -> 75.66 | H20: =AVERAGE(H12:H15) -> 82 | I20: =AVERAGE(I12:I15) -> 75.25 | J20: =AVERAGE(J12:J13) -> 83 | K20: =AVERAGE(K12:K15) -> 79.5 | L20: =(L17*4+L18*3+L19*3)/10 -> 81.5 | M20: =(M17*4+M18*3+M19*3)/10 -> 76.56 | N20: =(N17*4+N18*3+N19*3)/10 -> 76.8 | O20: =AVERAGE(O12:O13) -> 77.5 | P20: =AVERAGE(P12:P13) -> 79.5 | Q20: =AVERAGE(Q12:Q13) -> 80 | R20: =(R17*4+R18*3+R19*3)/10 -> 75.933333 | S20: =(S17*4+S18*3+S19*3)/10 -> 75.933333 | T20: =T18 -> 80 | U20: =(U17*4+U18*3+U19*3)/10 -> 73.8 | V20: =AVERAGE(E20:U20) -> 78.468039 | X20: 5 | AB20: 32
A21: 2 | B21: 222310002 | C21: AHMAD ZAKI YAMAN | D21: SMT 1 | E21: =te!$E$6 -> 82 | F21: =te!$K$6 -> 80 | G21: =te!$Q$6 -> 80 | H21: =te!$W$6 -> 80 | I21: =te!$AA$6 -> 75 | J21: =te!$AE$6 -> 83 | K21: =te!$AG$6 -> 83 | M21: =te!$AM$6 -> 73 | N21: =te!$AS$6 -> 72 | O21: =te!$AY$6 -> 74 | P21: =te!$BA$6 -> 78 | Q21: =te!$BC$6 -> 90 | X21: 6 | AB21: 14
A22: 2 | D22: SMT 2 | E22: =te!$F$6 -> 88 | F22: =te!$L$6 -> 81 | G22: =te!$R$6 -> 77 | H22: =te!$X$6 -> 83 | I22: =te!$AB$6 -> 78 | J22: =te!$AF$6 -> 83 | K22: =te!$AH$6 -> 84 | M22: =te!$AN$6 -> 74 | N22: =te!$AT$6 -> 74 | O22: =te!$AZ$6 -> 79 | P22: =te!$BB$6 -> 81 | Q22: =te!$BD$6 -> 77 | X22: 6
A23: 2 | D23: SMT 3 | E23: =te!$G$6 -> 87 | F23: =te!$M$6 -> 70 | G23: =te!$S$6 -> 70 | H23: =te!$Y$6 -> 80 | I23: =te!$AC$6 -> 80 | K23: =te!$AI$6 -> 70 | M23: =te!$AO$6 -> 73 | N23: =te!$AU$6 -> 72 | R23: =te!$BS$6 -> 74.666667 | S23: =te!$BW$6 -> 82 | U23: =te!$CB$6 -> 72 | X23: 6
A24: 2 | D24: SMT 4 | E24: =te!$H$6 -> 85 | F24: =te!$N$6 -> 83 | G24: =te!$T$6 -> 73 | H24: =te!$Z$6 -> 83 | I24: =te!$AD$6 -> 80 | K24: =te!$AJ$6 -> 80 | M24: =te!$AP$6 -> 74 | N24: =te!$AV$6 -> 70 | R24: =te!$BT$6 -> 78 | S24: =te!$BX$6 -> 80 | U24: =te!$CC$6 -> 74 | X24: 6
A25: 2 | D25: SMT 5 | E25: =te!$I$6 -> 84 | F25: =te!$O$6 -> 88 | G25: =te!$U$6 -> 75 | L25: =te!$AK$6 -> 80 | M25: =te!$AQ$6 -> 75 | N25: =te!$AW$6 -> 77 | R25: =te!$BU$6 -> 79 | S25: =te!$BY$6 -> 70 | U25: =te!$CD$6 -> 74 | X25: 6
A26: 2 | D26: PORTOPOLIO | E26: =AVERAGE(E21:E25) -> 85.2 | F26: =AVERAGE(F21:F25) -> 80.4 | G26: =AVERAGE(G21:G25) -> 75 | L26: =AVERAGE(L21:L25) -> 80 | M26: =AVERAGE(M21:M25) -> 73.8 | N26: =AVERAGE(N21:N25) -> 73 | R26: =AVERAGE(R23:R25) -> 77.222222 | S26: =AVERAGE(S23:S25) -> 77.333333 | U26: =AVERAGE(U21:U25) -> 73.333333 | X26: 6
A27: 2 | D27: PENUGASAN | E27: =te!$J$6 -> 76 | F27: =te!$P$6 -> 78 | G27: =te!$V$6 -> 78 | L27: =te!$AL$6 -> 78 | M27: =te!$AR$6 -> 77 | N27: =te!$AX$6 -> 77 | R27: =te!$BV$6 -> 78 | S27: =te!$BZ$6 -> 79 | T27: =te!$CA$6 -> 78 | U27: =te!$CE$6 -> 77 | X27: 6
A28: 2 | D28: Nilai US | E28: =te!$CF$6 -> 84 | F28: =te!$CG$6 -> 75 | G28: =te!$CH$6 -> 75 | L28: =te!$CI$6 -> 70 | M28: =te!$CJ$6 -> 76 | N28: =te!$CK$6 -> 80 | R28: =te!$CN$6 -> 70 | S28: =te!$CM$6 -> 73 | U28: =te!$CL$6 -> 72 | X28: 6
A29: 2 | D29: Nilai Akhir | E29: =(E26*4+E27*3+E28*3)/10 -> 82.08 | F29: =(F26*4+F27*3+F28*3)/10 -> 78.06 | G29: =(G26*4+G27*3+G28*3)/10 -> 75.9 | H29: =AVERAGE(H21:H24) -> 81.5 | I29: =AVERAGE(I21:I24) -> 78.25 | J29: =AVERAGE(J21:J22) -> 83 | K29: =AVERAGE(K21:K24) -> 79.25 | L29: =(L26*4+L27*3+L28*3)/10 -> 76.4 | M29: =(M26*4+M27*3+M28*3)/10 -> 75.42 | N29: =(N26*4+N27*3+N28*3)/10 -> 76.3 | O29: =AVERAGE(O21:O22) -> 76.5 | P29: =AVERAGE(P21:P22) -> 79.5 | Q29: =AVERAGE(Q21:Q22) -> 83.5 | R29: =(R26*4+R27*3+R28*3)/10 -> 75.288889 | S29: =(S26*4+S27*3+S28*3)/10 -> 76.533333 | T29: =T27 -> 78 | U29: =(U26*4+U27*3+U28*3)/10 -> 74.033333 | V29: =AVERAGE(E29:U29) -> 78.206797 | X29: 6
A30: 3 | B30: 222310003 | C30: AMANDA ZAHRA FEBRIYANI | D30: SMT 1 | E30: =te!$E$7 -> 82 | F30: =te!$K$7 -> 81 | G30: =te!$Q$7 -> 85 | H30: =te!$W$7 -> 82 | I30: =te!$AA$7 -> 80 | J30: =te!$AE$7 -> 85 | K30: =te!$AG$7 -> 85 | M30: =te!$AM$7 -> 75 | N30: =te!$AS$7 -> 74 | O30: =te!$AY$7 -> 77 | P30: =te!$BA$7 -> 83 | Q30: =te!$BC$7 -> 80 | X30: 7
A31: 3 | D31: SMT 2 | E31: =te!$F$7 -> 87 | F31: =te!$L$7 -> 83 | G31: =te!$R$7 -> 80 | H31: =te!$X$7 -> 85 | I31: =te!$AB$7 -> 88 | J31: =te!$AF$7 -> 83 | K31: =te!$AH$7 -> 85 | M31: =te!$AN$7 -> 77 | N31: =te!$AT$7 -> 79 | O31: =te!$AZ$7 -> 81 | P31: =te!$BB$7 -> 82 | Q31: =te!$BD$7 -> 80 | X31: 7
A32: 3 | D32: SMT 3 | E32: =te!$G$7 -> 86 | F32: =te!$M$7 -> 83 | G32: =te!$S$7 -> 89 | H32: =te!$Y$7 -> 83 | I32: =te!$AC$7 -> 85 | K32: =te!$AI$7 -> 72 | M32: =te!$AO$7 -> 75 | N32: =te!$AU$7 -> 82 | R32: =te!$BS$7 -> 80 | S32: =te!$BW$7 -> 84 | U32: =te!$CB$7 -> 79 | X32: 7
A33: 3 | D33: SMT 4 | E33: =te!$H$7 -> 85 | F33: =te!$N$7 -> 88 | G33: =te!$T$7 -> 87 | H33: =te!$Z$7 -> 84 | I33: =te!$AD$7 -> 86 | K33: =te!$AJ$7 -> 81 | M33: =te!$AP$7 -> 76 | N33: =te!$AV$7 -> 74 | R33: =te!$BT$7 -> 81.333333 | S33: =te!$BX$7 -> 81 | U33: =te!$CC$7 -> 92 | X33: 7
A34: 3 | D34: SMT 5 | E34: =te!$I$7 -> 84 | F34: =te!$O$7 -> 93 | G34: =te!$U$7 -> 81 | L34: =te!$AK$7 -> 84 | M34: =te!$AQ$7 -> 82 | N34: =te!$AW$7 -> 85 | R34: =te!$BU$7 -> 82.75 | S34: =te!$BY$7 -> 86 | U34: =te!$CD$7 -> 89 | X34: 7
A35: 3 | D35: PORTOPOLIO | E35: =AVERAGE(E30:E34) -> 84.8 | F35: =AVERAGE(F30:F34) -> 85.6 | G35: =AVERAGE(G30:G34) -> 84.4 | L35: =AVERAGE(L30:L34) -> 84 | M35: =AVERAGE(M30:M34) -> 77 | N35: =AVERAGE(N30:N34) -> 78.8 | R35: =AVERAGE(R32:R34) -> 81.361111 | S35: =AVERAGE(S32:S34) -> 83.666667 | U35: =AVERAGE(U30:U34) -> 86.666667 | X35: 7
A36: 3 | D36: PENUGASAN | E36: =te!$J$7 -> 86 | F36: =te!$P$7 -> 95 | G36: =te!$V$7 -> 86 | L36: =te!$AL$7 -> 86 | M36: =te!$AR$7 -> 91 | N36: =te!$AX$7 -> 91 | R36: =te!$BV$7 -> 90 | S36: =te!$BZ$7 -> 90 | T36: =te!$CA$7 -> 90 | U36: =te!$CE$7 -> 91 | X36: 7
A37: 3 | D37: Nilai US | E37: =te!$CF$7 -> 86 | F37: =te!$CG$7 -> 85 | G37: =te!$CH$7 -> 82 | L37: =te!$CI$7 -> 95 | M37: =te!$CJ$7 -> 83 | N37: =te!$CK$7 -> 85 | R37: =te!$CN$7 -> 82 | S37: =te!$CM$7 -> 87 | U37: =te!$CL$7 -> 84 | X37: 7
A38: 3 | D38: Nilai Akhir | E38: =(E35*4+E36*3+E37*3)/10 -> 85.52 | F38: =(F35*4+F36*3+F37*3)/10 -> 88.24 | G38: =(G35*4+G36*3+G37*3)/10 -> 84.16 | H38: =AVERAGE(H30:H33) -> 83.5 | I38: =AVERAGE(I30:I33) -> 84.75 | J38: =AVERAGE(J30:J31) -> 84 | K38: =AVERAGE(K30:K33) -> 80.75 | L38: =(L35*4+L36*3+L37*3)/10 -> 87.9 | M38: =(M35*4+M36*3+M37*3)/10 -> 83 | N38: =(N35*4+N36*3+N37*3)/10 -> 84.32 | O38: =AVERAGE(O30:O31) -> 79 | P38: =AVERAGE(P30:P31) -> 82.5 | Q38: =AVERAGE(Q30:Q31) -> 80 | R38: =(R35*4+R36*3+R37*3)/10 -> 84.144444 | S38: =(S35*4+S36*3+S37*3)/10 -> 86.566667 | T38: =T36 -> 90 | U38: =(U35*4+U36*3+U37*3)/10 -> 87.166667 | V38: =AVERAGE(E38:U38) -> 84.442222 | X38: 7
A39: 4 | B39: 222310004 | C39: ANGGI ISMAYANTI | D39: SMT 1 | E39: =te!$E$8 -> 86 | F39: =te!$K$8 -> 83 | G39: =te!$Q$8 -> 87 | H39: =te!$W$8 -> 81 | I39: =te!$AA$8 -> 77 | J39: =te!$AE$8 -> 84 | K39: =te!$AG$8 -> 84 | M39: =te!$AM$8 -> 77 | N39: =te!$AS$8 -> 77 | O39: =te!$AY$8 -> 80 | P39: =te!$BA$8 -> 84 | Q39: =te!$BC$8 -> 83 | X39: 8
A40: 4 | D40: SMT 2 | E40: =te!$F$8 -> 90 | F40: =te!$L$8 -> 81 | G40: =te!$R$8 -> 80 | H40: =te!$X$8 -> 85 | I40: =te!$AB$8 -> 88 | J40: =te!$AF$8 -> 85 | K40: =te!$AH$8 -> 85 | M40: =te!$AN$8 -> 79 | N40: =te!$AT$8 -> 79 | O40: =te!$AZ$8 -> 82 | P40: =te!$BB$8 -> 85 | Q40: =te!$BD$8 -> 81 | X40: 8
A41: 4 | D41: SMT 3 | E41: =te!$G$8 -> 88 | F41: =te!$M$8 -> 82 | G41: =te!$S$8 -> 80 | H41: =te!$Y$8 -> 83 | I41: =te!$AC$8 -> 85 | K41: =te!$AI$8 -> 71 | M41: =te!$AO$8 -> 78 | N41: =te!$AU$8 -> 73 | R41: =te!$BS$8 -> 81.666667 | S41: =te!$BW$8 -> 84 | U41: =te!$CB$8 -> 78 | X41: 8
A42: 4 | D42: SMT 4 | E42: =te!$H$8 -> 87 | F42: =te!$N$8 -> 89 | G42: =te!$T$8 -> 80 | H42: =te!$Z$8 -> 84 | I42: =te!$AD$8 -> 86 | K42: =te!$AJ$8 -> 81 | M42: =te!$AP$8 -> 79 | N42: =te!$AV$8 -> 72 | R42: =te!$BT$8 -> 80 | S42: =te!$BX$8 -> 81 | U42: =te!$CC$8 -> 91 | X42: 8
A43: 4 | D43: SMT 5 | E43: =te!$I$8 -> 90 | F43: =te!$O$8 -> 89 | G43: =te!$U$8 -> 85 | L43: =te!$AK$8 -> 85 | M43: =te!$AQ$8 -> 82 | N43: =te!$AW$8 -> 82 | R43: =te!$BU$8 -> 82.5 | S43: =te!$BY$8 -> 86 | U43: =te!$CD$8 -> 74 | X43: 8
A44: 4 | D44: PORTOPOLIO | E44: =AVERAGE(E39:E43) -> 88.2 | F44: =AVERAGE(F39:F43) -> 84.8 | G44: =AVERAGE(G39:G43) -> 82.4 | L44: =AVERAGE(L39:L43) -> 85 | M44: =AVERAGE(M39:M43) -> 79 | N44: =AVERAGE(N39:N43) -> 76.6 | R44: =AVERAGE(R41:R43) -> 81.388889 | S44: =AVERAGE(S41:S43) -> 83.666667 | U44: =AVERAGE(U39:U43) -> 81 | X44: 8
A45: 4 | D45: PENUGASAN | E45: =te!$J$8 -> 75 | F45: =te!$P$8 -> 70 | G45: =te!$V$8 -> 79 | L45: =te!$AL$8 -> 79 | M45: =te!$AR$8 -> 72 | N45: =te!$AX$8 -> 72 | R45: =te!$BV$8 -> 75 | S45: =te!$BZ$8 -> 79 | T45: =te!$CA$8 -> 75 | U45: =te!$CE$8 -> 72 | X45: 8
A46: 4 | D46: Nilai US | E46: =te!$CF$8 -> 89 | F46: =te!$CG$8 -> 85 | G46: =te!$CH$8 -> 85 | L46: =te!$CI$8 -> 77 | M46: =te!$CJ$8 -> 83 | N46: =te!$CK$8 -> 82 | R46: =te!$CN$8 -> 72 | S46: =te!$CM$8 -> 90 | U46: =te!$CL$8 -> 84 | X46: 8
A47: 4 | D47: Nilai Akhir | E47: =(E44*4+E45*3+E46*3)/10 -> 84.48 | F47: =(F44*4+F45*3+F46*3)/10 -> 80.42 | G47: =(G44*4+G45*3+G46*3)/10 -> 82.16 | H47: =AVERAGE(H39:H42) -> 83.25 | I47: =AVERAGE(I39:I42) -> 84 | J47: =AVERAGE(J39:J40) -> 84.5 | K47: =AVERAGE(K39:K42) -> 80.25 | L47: =(L44*4+L45*3+L46*3)/10 -> 80.8 | M47: =(M44*4+M45*3+M46*3)/10 -> 78.1 | N47: =(N44*4+N45*3+N46*3)/10 -> 76.84 | O47: =AVERAGE(O39:O40) -> 81 | P47: =AVERAGE(P39:P40) -> 84.5 | Q47: =AVERAGE(Q39:Q40) -> 82 | R47: =(R44*4+R45*3+R46*3)/10 -> 76.655556 | S47: =(S44*4+S45*3+S46*3)/10 -> 84.166667 | T47: =T45 -> 75 | U47: =(U44*4+U45*3+U46*3)/10 -> 79.2 | V47: =AVERAGE(E47:U47) -> 81.018954 | X47: 8
A48: 5 | B48: 222310005 | C48: FAHRI ISNAINI | D48: SMT 1 | E48: =te!$E$9 -> 86 | F48: =te!$K$9 -> 80 | G48: =te!$Q$9 -> 80 | H48: =te!$W$9 -> 81 | I48: =te!$AA$9 -> 79 | J48: =te!$AE$9 -> 82 | K48: =te!$AG$9 -> 82 | M48: =te!$AM$9 -> 74 | N48: =te!$AS$9 -> 73 | O48: =te!$AY$9 -> 75 | P48: =te!$BA$9 -> 80 | Q48: =te!$BC$9 -> 77 | X48: 9
A49: 5 | D49: SMT 2 | E49: =te!$F$9 -> 89 | F49: =te!$L$9 -> 82 | G49: =te!$R$9 -> 77 | H49: =te!$X$9 -> 84 | I49: =te!$AB$9 -> 80 | J49: =te!$AF$9 -> 83 | K49: =te!$AH$9 -> 83 | M49: =te!$AN$9 -> 75 | N49: =te!$AT$9 -> 76 | O49: =te!$AZ$9 -> 79 | P49: =te!$BB$9 -> 84 | Q49: =te!$BD$9 -> 83 | X49: 9
A50: 5 | D50: SMT 3 | E50: =te!$G$9 -> 86 | F50: =te!$M$9 -> 88 | G50: =te!$S$9 -> 76 | H50: =te!$Y$9 -> 83 | I50: =te!$AC$9 -> 81 | K50: =te!$AI$9 -> 70 | M50: =te!$AO$9 -> 74 | N50: =te!$AU$9 -> 79 | R50: =te!$BS$9 -> 80.333333 | S50: =te!$BW$9 -> 84 | U50: =te!$CB$9 -> 74 | X50: 9
A51: 5 | D51: SMT 4 | E51: =te!$H$9 -> 85 | F51: =te!$N$9 -> 90 | G51: =te!$T$9 -> 79 | H51: =te!$Z$9 -> 84 | I51: =te!$AD$9 -> 81 | K51: =te!$AJ$9 -> 82 | M51: =te!$AP$9 -> 75 | N51: =te!$AV$9 -> 70 | R51: =te!$BT$9 -> 81.666667 | S51: =te!$BX$9 -> 80 | U51: =te!$CC$9 -> 85 | X51: 9
A52: 5 | D52: SMT 5 | E52: =te!$I$9 -> 86 | F52: =te!$O$9 -> 93 | G52: =te!$U$9 -> 77 | L52: =te!$AK$9 -> 80 | M52: =te!$AQ$9 -> 79 | N52: =te!$AW$9 -> 83 | R52: =te!$BU$9 -> 80.5 | S52: =te!$BY$9 -> 85 | U52: =te!$CD$9 -> 75 | X52: 9
A53: 5 | D53: PORTOPOLIO | E53: =AVERAGE(E48:E52) -> 86.4 | F53: =AVERAGE(F48:F52) -> 86.6 | G53: =AVERAGE(G48:G52) -> 77.8 | L53: =AVERAGE(L48:L52) -> 80 | M53: =AVERAGE(M48:M52) -> 75.4 | N53: =AVERAGE(N48:N52) -> 76.2 | R53: =AVERAGE(R50:R52) -> 80.833333 | S53: =AVERAGE(S50:S52) -> 83 | U53: =AVERAGE(U48:U52) -> 78 | X53: 9
A54: 5 | D54: PENUGASAN | E54: =te!$J$9 -> 74 | F54: =te!$P$9 -> 85 | G54: =te!$V$9 -> 75 | L54: =te!$AL$9 -> 75 | M54: =te!$AR$9 -> 74 | N54: =te!$AX$9 -> 74 | R54: =te!$BV$9 -> 76 | S54: =te!$BZ$9 -> 74 | T54: =te!$CA$9 -> 76 | U54: =te!$CE$9 -> 74 | X54: 9
A55: 5 | D55: Nilai US | E55: =te!$CF$9 -> 86 | F55: =te!$CG$9 -> 82 | G55: =te!$CH$9 -> 75 | L55: =te!$CI$9 -> 90 | M55: =te!$CJ$9 -> 80 | N55: =te!$CK$9 -> 80 | R55: =te!$CN$9 -> 75 | S55: =te!$CM$9 -> 80 | U55: =te!$CL$9 -> 88 | X55: 9
A56: 5 | D56: Nilai Akhir | E56: =(E53*4+E54*3+E55*3)/10 -> 82.56 | F56: =(F53*4+F54*3+F55*3)/10 -> 84.74 | G56: =(G53*4+G54*3+G55*3)/10 -> 76.12 | H56: =AVERAGE(H48:H51) -> 83 | I56: =AVERAGE(I48:I51) -> 80.25 | J56: =AVERAGE(J48:J49) -> 82.5 | K56: =AVERAGE(K48:K51) -> 79.25 | L56: =(L53*4+L54*3+L55*3)/10 -> 81.5 | M56: =(M53*4+M54*3+M55*3)/10 -> 76.36 | N56: =(N53*4+N54*3+N55*3)/10 -> 76.68 | O56: =AVERAGE(O48:O49) -> 77 | P56: =AVERAGE(P48:P49) -> 82 | Q56: =AVERAGE(Q48:Q49) -> 80 | R56: =(R53*4+R54*3+R55*3)/10 -> 77.633333 | S56: =(S53*4+S54*3+S55*3)/10 -> 79.4 | T56: =T54 -> 76 | U56: =(U53*4+U54*3+U55*3)/10 -> 79.8 | V56: =AVERAGE(E56:U56) -> 79.693725 | X56: 9
A57: 6 | B57: 222310006 | C57: INDRIYANI | D57: SMT 1 | E57: =te!$E$10 -> 84 | F57: =te!$K$10 -> 87 | G57: =te!$Q$10 -> 85 | H57: =te!$W$10 -> 83 | I57: =te!$AA$10 -> 82 | J57: =te!$AE$10 -> 84 | K57: =te!$AG$10 -> 84 | M57: =te!$AM$10 -> 79 | N57: =te!$AS$10 -> 73 | O57: =te!$AY$10 -> 80 | P57: =te!$BA$10 -> 83 | Q57: =te!$BC$10 -> 91 | X57: 10
A58: 6 | D58: SMT 2 | E58: =te!$F$10 -> 89 | F58: =te!$L$10 -> 83 | G58: =te!$R$10 -> 81 | H58: =te!$X$10 -> 85 | I58: =te!$AB$10 -> 80 | J58: =te!$AF$10 -> 84 | K58: =te!$AH$10 -> 85 | M58: =te!$AN$10 -> 81 | N58: =te!$AT$10 -> 77 | O58: =te!$AZ$10 -> 82 | P58: =te!$BB$10 -> 83 | Q58: =te!$BD$10 -> 85 | X58: 10
A59: 6 | D59: SMT 3 | E59: =te!$G$10 -> 87 | F59: =te!$M$10 -> 85 | G59: =te!$S$10 -> 78 | H59: =te!$Y$10 -> 83 | I59: =te!$AC$10 -> 85 | K59: =te!$AI$10 -> 70 | M59: =te!$AO$10 -> 88 | N59: =te!$AU$10 -> 76 | R59: =te!$BS$10 -> 81 | S59: =te!$BW$10 -> 85 | U59: =te!$CB$10 -> 78 | X59: 10
A60: 6 | D60: SMT 4 | E60: =te!$H$10 -> 87 | F60: =te!$N$10 -> 92 | G60: =te!$T$10 -> 86 | H60: =te!$Z$10 -> 84 | I60: =te!$AD$10 -> 85 | K60: =te!$AJ$10 -> 81 | M60: =te!$AP$10 -> 84 | N60: =te!$AV$10 -> 71 | R60: =te!$BT$10 -> 81.666667 | S60: =te!$BX$10 -> 81 | U60: =te!$CC$10 -> 90 | X60: 10
A61: 6 | D61: SMT 5 | E61: =te!$I$10 -> 83 | F61: =te!$O$10 -> 94 | G61: =te!$U$10 -> 79 | L61: =te!$AK$10 -> 86 | M61: =te!$AQ$10 -> 84 | N61: =te!$AW$10 -> 83 | R61: =te!$BU$10 -> 82.75 | S61: =te!$BY$10 -> 86 | U61: =te!$CD$10 -> 85 | X61: 10
A62: 6 | D62: PORTOPOLIO | E62: =AVERAGE(E57:E61) -> 86 | F62: =AVERAGE(F57:F61) -> 88.2 | G62: =AVERAGE(G57:G61) -> 81.8 | L62: =AVERAGE(L57:L61) -> 86 | M62: =AVERAGE(M57:M61) -> 83.2 | N62: =AVERAGE(N57:N61) -> 76 | R62: =AVERAGE(R59:R61) -> 81.805556 | S62: =AVERAGE(S59:S61) -> 84 | U62: =AVERAGE(U57:U61) -> 84.333333 | X62: 10
A63: 6 | D63: PENUGASAN | E63: =te!$J$10 -> 89 | F63: =te!$P$10 -> 92 | G63: =te!$V$10 -> 86 | L63: =te!$AL$10 -> 86 | M63: =te!$AR$10 -> 90 | N63: =te!$AX$10 -> 90 | R63: =te!$BV$10 -> 89 | S63: =te!$BZ$10 -> 89 | T63: =te!$CA$10 -> 89 | U63: =te!$CE$10 -> 90 | X63: 10
A64: 6 | D64: Nilai US | E64: =te!$CF$10 -> 84 | F64: =te!$CG$10 -> 85 | G64: =te!$CH$10 -> 80 | L64: =te!$CI$10 -> 82 | M64: =te!$CJ$10 -> 84 | N64: =te!$CK$10 -> 83 | R64: =te!$CN$10 -> 80 | S64: =te!$CM$10 -> 90 | U64: =te!$CL$10 -> 84 | X64: 10
A65: 6 | D65: Nilai Akhir | E65: =(E62*4+E63*3+E64*3)/10 -> 86.3 | F65: =(F62*4+F63*3+F64*3)/10 -> 88.38 | G65: =(G62*4+G63*3+G64*3)/10 -> 82.52 | H65: =AVERAGE(H57:H60) -> 83.75 | I65: =AVERAGE(I57:I60) -> 83 | J65: =AVERAGE(J57:J58) -> 84 | K65: =AVERAGE(K57:K60) -> 80 | L65: =(L62*4+L63*3+L64*3)/10 -> 84.8 | M65: =(M62*4+M63*3+M64*3)/10 -> 85.48 | N65: =(N62*4+N63*3+N64*3)/10 -> 82.3 | O65: =AVERAGE(O57:O58) -> 81 | P65: =AVERAGE(P57:P58) -> 83 | Q65: =AVERAGE(Q57:Q58) -> 88 | R65: =(R62*4+R63*3+R64*3)/10 -> 83.422222 | S65: =(S62*4+S63*3+S64*3)/10 -> 87.3 | T65: =T63 -> 89 | U65: =(U62*4+U63*3+U64*3)/10 -> 85.933333 | V65: =AVERAGE(E65:U65) -> 84.59915 | X65: 10
A66: 7 | B66: 222310007 | C66: JERICHO AMAZIA AWULLE | D66: SMT 1 | E66: =te!$E$11 -> 80 | F66: =te!$K$11 -> 80 | G66: =te!$Q$11 -> 78 | H66: =te!$W$11 -> 85 | I66: =te!$AA$11 -> 78 | J66: =te!$AE$11 -> 80 | K66: =te!$AG$11 -> 80 | M66: =te!$AM$11 -> 74 | N66: =te!$AS$11 -> 71 | O66: =te!$AY$11 -> 77 | P66: =te!$BA$11 -> 78 | Q66: =te!$BC$11 -> 77 | X66: 11
A67: 7 | D67: SMT 2 | E67: =te!$F$11 -> 87 | F67: =te!$L$11 -> 81 | G67: =te!$R$11 -> 78 | H67: =te!$X$11 -> 86 | I67: =te!$AB$11 -> 80 | J67: =te!$AF$11 -> 79 | K67: =te!$AH$11 -> 81 | M67: =te!$AN$11 -> 76 | N67: =te!$AT$11 -> 73 | O67: =te!$AZ$11 -> 78 | P67: =te!$BB$11 -> 81 | Q67: =te!$BD$11 -> 77 | X67: 11
A68: 7 | D68: SMT 3 | E68: =te!$G$11 -> 88 | F68: =te!$M$11 -> 92 | G68: =te!$S$11 -> 70 | H68: =te!$Y$11 -> 84 | I68: =te!$AC$11 -> 83 | K68: =te!$AI$11 -> 71 | M68: =te!$AO$11 -> 73 | N68: =te!$AU$11 -> 70 | R68: =te!$BS$11 -> 80.333333 | S68: =te!$BW$11 -> 84 | U68: =te!$CB$11 -> 72 | X68: 11
A69: 7 | D69: SMT 4 | E69: =te!$H$11 -> 87 | F69: =te!$N$11 -> 88 | G69: =te!$T$11 -> 71 | H69: =te!$Z$11 -> 85 | I69: =te!$AD$11 -> 84 | K69: =te!$AJ$11 -> 81 | M69: =te!$AP$11 -> 74 | N69: =te!$AV$11 -> 70 | R69: =te!$BT$11 -> 79.666667 | S69: =te!$BX$11 -> 80 | U69: =te!$CC$11 -> 77 | X69: 11
A70: 7 | D70: SMT 5 | E70: =te!$I$11 -> 85 | F70: =te!$O$11 -> 93 | G70: =te!$U$11 -> 73 | L70: =te!$AK$11 -> 80 | M70: =te!$AQ$11 -> 72 | N70: =te!$AW$11 -> 73 | R70: =te!$BU$11 -> 81.25 | S70: =te!$BY$11 -> 70 | U70: =te!$CD$11 -> 73 | X70: 11
A71: 7 | D71: PORTOPOLIO | E71: =AVERAGE(E66:E70) -> 85.4 | F71: =AVERAGE(F66:F70) -> 86.8 | G71: =AVERAGE(G66:G70) -> 74 | L71: =AVERAGE(L66:L70) -> 80 | M71: =AVERAGE(M66:M70) -> 73.8 | N71: =AVERAGE(N66:N70) -> 71.4 | R71: =AVERAGE(R68:R70) -> 80.416667 | S71: =AVERAGE(S68:S70) -> 78 | U71: =AVERAGE(U66:U70) -> 74 | X71: 11
A72: 7 | D72: PENUGASAN | E72: =te!$J$11 -> 75 | F72: =te!$P$11 -> 75 | G72: =te!$V$11 -> 75 | L72: =te!$AL$11 -> 75 | M72: =te!$AR$11 -> 75 | N72: =te!$AX$11 -> 75 | R72: =te!$BV$11 -> 75 | S72: =te!$BZ$11 -> 75 | T72: =te!$CA$11 -> 75 | U72: =te!$CE$11 -> 75 | X72: 11
A73: 7 | D73: Nilai US | E73: =te!$CF$11 -> 86 | F73: =te!$CG$11 -> 70 | G73: =te!$CH$11 -> 70 | L73: =te!$CI$11 -> 70 | M73: =te!$CJ$11 -> 75 | N73: =te!$CK$11 -> 80 | R73: =te!$CN$11 -> 70 | S73: =te!$CM$11 -> 73 | U73: =te!$CL$11 -> 86 | X73: 11
A74: 7 | D74: Nilai Akhir | E74: =(E71*4+E72*3+E73*3)/10 -> 82.46 | F74: =(F71*4+F72*3+F73*3)/10 -> 78.22 | G74: =(G71*4+G72*3+G73*3)/10 -> 73.1 | H74: =AVERAGE(H66:H69) -> 85 | I74: =AVERAGE(I66:I69) -> 81.25 | J74: =AVERAGE(J66:J67) -> 79.5 | K74: =AVERAGE(K66:K69) -> 78.25 | L74: =(L71*4+L72*3+L73*3)/10 -> 75.5 | M74: =(M71*4+M72*3+M73*3)/10 -> 74.52 | N74: =(N71*4+N72*3+N73*3)/10 -> 75.06 | O74: =AVERAGE(O66:O67) -> 77.5 | P74: =AVERAGE(P66:P67) -> 79.5 | Q74: =AVERAGE(Q66:Q67) -> 77 | R74: =(R71*4+R72*3+R73*3)/10 -> 75.666667 | S74: =(S71*4+S72*3+S73*3)/10 -> 75.6 | T74: =T72 -> 75 | U74: =(U71*4+U72*3+U73*3)/10 -> 77.9 | V74: =AVERAGE(E74:U74) -> 77.707451 | X74: 11
A75: 8 | B75: 222310008 | C75: KHALIF HONEST TAWADLU | D75: SMT 1 | E75: =te!$E$12 -> 82 | F75: =te!$K$12 -> 80 | G75: =te!$Q$12 -> 78 | H75: =te!$W$12 -> 85 | I75: =te!$AA$12 -> 80 | J75: =te!$AE$12 -> 81 | K75: =te!$AG$12 -> 81 | M75: =te!$AM$12 -> 74 | N75: =te!$AS$12 -> 71 | O75: =te!$AY$12 -> 77 | P75: =te!$BA$12 -> 78 | Q75: =te!$BC$12 -> 77 | X75: 12
A76: 8 | D76: SMT 2 | E76: =te!$F$12 -> 87 | F76: =te!$L$12 -> 80 | G76: =te!$R$12 -> 78 | H76: =te!$X$12 -> 85 | I76: =te!$AB$12 -> 82 | J76: =te!$AF$12 -> 80 | K76: =te!$AH$12 -> 86 | M76: =te!$AN$12 -> 75 | N76: =te!$AT$12 -> 74 | O76: =te!$AZ$12 -> 79 | P76: =te!$BB$12 -> 81 | Q76: =te!$BD$12 -> 80 | X76: 12
A77: 8 | D77: SMT 3 | E77: =te!$G$12 -> 84 | F77: =te!$M$12 -> 93 | G77: =te!$S$12 -> 70 | H77: =te!$Y$12 -> 84 | I77: =te!$AC$12 -> 83 | K77: =te!$AI$12 -> 70 | M77: =te!$AO$12 -> 72 | N77: =te!$AU$12 -> 72 | R77: =te!$BS$12 -> 76.666667 | S77: =te!$BW$12 -> 84 | U77: =te!$CB$12 -> 70 | X77: 12
A78: 8 | D78: SMT 4 | E78: =te!$H$12 -> 83 | F78: =te!$N$12 -> 95 | G78: =te!$T$12 -> 73 | H78: =te!$Z$12 -> 85 | I78: =te!$AD$12 -> 83 | K78: =te!$AJ$12 -> 81 | M78: =te!$AP$12 -> 73 | N78: =te!$AV$12 -> 71 | R78: =te!$BT$12 -> 80 | S78: =te!$BX$12 -> 80 | U78: =te!$CC$12 -> 74 | X78: 12
A79: 8 | D79: SMT 5 | E79: =te!$I$12 -> 85 | F79: =te!$O$12 -> 95 | G79: =te!$U$12 -> 73 | L79: =te!$AK$12 -> 80 | M79: =te!$AQ$12 -> 74 | N79: =te!$AW$12 -> 77 | R79: =te!$BU$12 -> 77.25 | S79: =te!$BY$12 -> 70 | U79: =te!$CD$12 -> 77 | X79: 12
A80: 8 | D80: PORTOPOLIO | E80: =AVERAGE(E75:E79) -> 84.2 | F80: =AVERAGE(F75:F79) -> 88.6 | G80: =AVERAGE(G75:G79) -> 74.4 | L80: =AVERAGE(L75:L79) -> 80 | M80: =AVERAGE(M75:M79) -> 73.6 | N80: =AVERAGE(N75:N79) -> 73 | R80: =AVERAGE(R77:R79) -> 77.972222 | S80: =AVERAGE(S77:S79) -> 78 | U80: =AVERAGE(U75:U79) -> 73.666667 | X80: 12
A81: 8 | D81: PENUGASAN | E81: =te!$J$12 -> 90 | F81: =te!$P$12 -> 93 | G81: =te!$V$12 -> 89 | L81: =te!$AL$12 -> 89 | M81: =te!$AR$12 -> 90 | N81: =te!$AX$12 -> 90 | R81: =te!$BV$12 -> 91 | S81: =te!$BZ$12 -> 93 | T81: =te!$CA$12 -> 91 | U81: =te!$CE$12 -> 90 | X81: 12
A82: 8 | D82: Nilai US | E82: =te!$CF$12 -> 81 | F82: =te!$CG$12 -> 90 | G82: =te!$CH$12 -> 70 | L82: =te!$CI$12 -> 95 | M82: =te!$CJ$12 -> 76 | N82: =te!$CK$12 -> 80 | R82: =te!$CN$12 -> 95 | S82: =te!$CM$12 -> 93 | U82: =te!$CL$12 -> 76 | X82: 12
A83: 8 | D83: Nilai Akhir | E83: =(E80*4+E81*3+E82*3)/10 -> 84.98 | F83: =(F80*4+F81*3+F82*3)/10 -> 90.34 | G83: =(G80*4+G81*3+G82*3)/10 -> 77.46 | H83: =AVERAGE(H75:H78) -> 84.75 | I83: =AVERAGE(I75:I78) -> 82 | J83: =AVERAGE(J75:J76) -> 80.5 | K83: =AVERAGE(K75:K78) -> 79.5 | L83: =(L80*4+L81*3+L82*3)/10 -> 87.2 | M83: =(M80*4+M81*3+M82*3)/10 -> 79.24 | N83: =(N80*4+N81*3+N82*3)/10 -> 80.2 | O83: =AVERAGE(O75:O76) -> 78 | P83: =AVERAGE(P75:P76) -> 79.5 | Q83: =AVERAGE(Q75:Q76) -> 78.5 | R83: =(R80*4+R81*3+R82*3)/10 -> 86.988889 | S83: =(S80*4+S81*3+S82*3)/10 -> 87 | T83: =T81 -> 91 | U83: =(U80*4+U81*3+U82*3)/10 -> 79.266667 | V83: =AVERAGE(E83:U83) -> 82.730915 | X83: 12
A84: 9 | B84: 222310009 | C84: RAFAELINO RUFFUS SERAN | D84: SMT 1 | E84: =te!$E$13 -> 86 | F84: =te!$K$13 -> 82 | G84: =te!$Q$13 -> 90 | H84: =te!$W$13 -> 82 | I84: =te!$AA$13 -> 89 | J84: =te!$AE$13 -> 81 | K84: =te!$AG$13 -> 81 | M84: =te!$AM$13 -> 84 | N84: =te!$AS$13 -> 81 | O84: =te!$AY$13 -> 79 | P84: =te!$BA$13 -> 88 | Q84: =te!$BC$13 -> 90 | X84: 13
A85: 9 | D85: SMT 2 | E85: =te!$F$13 -> 89 | F85: =te!$L$13 -> 87 | G85: =te!$R$13 -> 83 | H85: =te!$X$13 -> 85 | I85: =te!$AB$13 -> 89 | J85: =te!$AF$13 -> 83 | K85: =te!$AH$13 -> 82 | M85: =te!$AN$13 -> 85 | N85: =te!$AT$13 -> 83 | O85: =te!$AZ$13 -> 80 | P85: =te!$BB$13 -> 90 | Q85: =te!$BD$13 -> 87 | X85: 13
A86: 9 | D86: SMT 3 | E86: =te!$G$13 -> 87 | F86: =te!$M$13 -> 95 | G86: =te!$S$13 -> 89 | H86: =te!$Y$13 -> 83 | I86: =te!$AC$13 -> 85 | K86: =te!$AI$13 -> 71 | M86: =te!$AO$13 -> 89 | N86: =te!$AU$13 -> 85 | R86: =te!$BS$13 -> 83.333333 | S86: =te!$BW$13 -> 85 | U86: =te!$CB$13 -> 81 | X86: 13
A87: 9 | D87: SMT 4 | E87: =te!$H$13 -> 87 | F87: =te!$N$13 -> 95 | G87: =te!$T$13 -> 85 | H87: =te!$Z$13 -> 84 | I87: =te!$AD$13 -> 86 | K87: =te!$AJ$13 -> 83 | M87: =te!$AP$13 -> 90 | N87: =te!$AV$13 -> 85 | R87: =te!$BT$13 -> 83.333333 | S87: =te!$BX$13 -> 80 | U87: =te!$CC$13 -> 88 | X87: 13
A88: 9 | D88: SMT 5 | E88: =te!$I$13 -> 92 | F88: =te!$O$13 -> 95 | G88: =te!$U$13 -> 87 | L88: =te!$AK$13 -> 83 | M88: =te!$AQ$13 -> 86 | N88: =te!$AW$13 -> 85 | R88: =te!$BU$13 -> 83 | S88: =te!$BY$13 -> 85 | U88: =te!$CD$13 -> 76 | X88: 13
A89: 9 | D89: PORTOPOLIO | E89: =AVERAGE(E84:E88) -> 88.2 | F89: =AVERAGE(F84:F88) -> 90.8 | G89: =AVERAGE(G84:G88) -> 86.8 | L89: =AVERAGE(L84:L88) -> 83 | M89: =AVERAGE(M84:M88) -> 86.8 | N89: =AVERAGE(N84:N88) -> 83.8 | R89: =AVERAGE(R86:R88) -> 83.222222 | S89: =AVERAGE(S86:S88) -> 83.333333 | U89: =AVERAGE(U84:U88) -> 81.666667 | X89: 13
A90: 9 | D90: PENUGASAN | E90: =te!$J$13 -> 71 | F90: =te!$P$13 -> 85 | G90: =te!$V$13 -> 79 | L90: =te!$AL$13 -> 79 | M90: =te!$AR$13 -> 85 | N90: =te!$AX$13 -> 85 | R90: =te!$BV$13 -> 82 | S90: =te!$BZ$13 -> 88 | T90: =te!$CA$13 -> 82 | U90: =te!$CE$13 -> 85 | X90: 13
A91: 9 | D91: Nilai US | E91: =te!$CF$13 -> 80 | F91: =te!$CG$13 -> 95 | G91: =te!$CH$13 -> 78 | L91: =te!$CI$13 -> 85 | M91: =te!$CJ$13 -> 87 | N91: =te!$CK$13 -> 85 | R91: =te!$CN$13 -> 90 | S91: =te!$CM$13 -> 85 | U91: =te!$CL$13 -> 89 | X91: 13
A92: 9 | D92: Nilai Akhir | E92: =(E89*4+E90*3+E91*3)/10 -> 80.58 | F92: =(F89*4+F90*3+F91*3)/10 -> 90.32 | G92: =(G89*4+G90*3+G91*3)/10 -> 81.82 | H92: =AVERAGE(H84:H87) -> 83.5 | I92: =AVERAGE(I84:I87) -> 87.25 | J92: =AVERAGE(J84:J85) -> 82 | K92: =AVERAGE(K84:K87) -> 79.25 | L92: =(L89*4+L90*3+L91*3)/10 -> 82.4 | M92: =(M89*4+M90*3+M91*3)/10 -> 86.32 | N92: =(N89*4+N90*3+N91*3)/10 -> 84.52 | O92: =AVERAGE(O84:O85) -> 79.5 | P92: =AVERAGE(P84:P85) -> 89 | Q92: =AVERAGE(Q84:Q85) -> 88.5 | R92: =(R89*4+R90*3+R91*3)/10 -> 84.888889 | S92: =(S89*4+S90*3+S91*3)/10 -> 85.233333 | T92: =T90 -> 82 | U92: =(U89*4+U90*3+U91*3)/10 -> 84.866667 | V92: =AVERAGE(E92:U92) -> 84.232288 | X92: 13
A93: 10 | B93: 222310010 | C93: RASYA JULIAN SAPUTRA | D93: SMT 1 | E93: =te!$E$14 -> 86 | F93: =te!$K$14 -> 84 | G93: =te!$Q$14 -> 83 | H93: =te!$W$14 -> 82 | I93: =te!$AA$14 -> 89 | J93: =te!$AE$14 -> 87 | K93: =te!$AG$14 -> 87 | M93: =te!$AM$14 -> 80 | N93: =te!$AS$14 -> 77 | O93: =te!$AY$14 -> 75 | P93: =te!$BA$14 -> 86 | Q93: =te!$BC$14 -> 90 | X93: 14
A94: 10 | D94: SMT 2 | E94: =te!$F$14 -> 89 | F94: =te!$L$14 -> 80 | G94: =te!$R$14 -> 77 | H94: =te!$X$14 -> 84 | I94: =te!$AB$14 -> 86 | J94: =te!$AF$14 -> 92 | K94: =te!$AH$14 -> 85 | M94: =te!$AN$14 -> 80 | N94: =te!$AT$14 -> 83 | O94: =te!$AZ$14 -> 79 | P94: =te!$BB$14 -> 88 | Q94: =te!$BD$14 -> 88 | X94: 14
A95: 10 | D95: SMT 3 | E95: =te!$G$14 -> 89 | F95: =te!$M$14 -> 92 | G95: =te!$S$14 -> 81 | H95: =te!$Y$14 -> 82 | I95: =te!$AC$14 -> 73 | K95: =te!$AI$14 -> 74 | M95: =te!$AO$14 -> 79 | N95: =te!$AU$14 -> 80 | R95: =te!$BS$14 -> 86.333333 | S95: =te!$BW$14 -> 85 | U95: =te!$CB$14 -> 80 | X95: 14
A96: 10 | D96: SMT 4 | E96: =te!$H$14 -> 86 | F96: =te!$N$14 -> 92 | G96: =te!$T$14 -> 79 | H96: =te!$Z$14 -> 84 | I96: =te!$AD$14 -> 80 | K96: =te!$AJ$14 -> 83 | M96: =te!$AP$14 -> 80 | N96: =te!$AV$14 -> 75 | R96: =te!$BT$14 -> 83.333333 | S96: =te!$BX$14 -> 80 | U96: =te!$CC$14 -> 86 | X96: 14
A97: 10 | D97: SMT 5 | E97: =te!$I$14 -> 90 | F97: =te!$O$14 -> 92 | G97: =te!$U$14 -> 76 | L97: =te!$AK$14 -> 80 | M97: =te!$AQ$14 -> 81 | N97: =te!$AW$14 -> 86 | R97: =te!$BU$14 -> 84 | S97: =te!$BY$14 -> 86 | U97: =te!$CD$14 -> 74 | X97: 14
A98: 10 | D98: PORTOPOLIO | E98: =AVERAGE(E93:E97) -> 88 | F98: =AVERAGE(F93:F97) -> 88 | G98: =AVERAGE(G93:G97) -> 79.2 | L98: =AVERAGE(L93:L97) -> 80 | M98: =AVERAGE(M93:M97) -> 80 | N98: =AVERAGE(N93:N97) -> 80.2 | R98: =AVERAGE(R95:R97) -> 84.555556 | S98: =AVERAGE(S95:S97) -> 83.666667 | U98: =AVERAGE(U93:U97) -> 80 | X98: 14
A99: 10 | D99: PENUGASAN | E99: =te!$J$14 -> 78 | F99: =te!$P$14 -> 79 | G99: =te!$V$14 -> 77 | L99: =te!$AL$14 -> 77 | M99: =te!$AR$14 -> 78 | N99: =te!$AX$14 -> 78 | R99: =te!$BV$14 -> 78 | S99: =te!$BZ$14 -> 79 | T99: =te!$CA$14 -> 78 | U99: =te!$CE$14 -> 78 | X99: 14
A100: 10 | D100: Nilai US | E100: =te!$CF$14 -> 82 | F100: =te!$CG$14 -> 92 | G100: =te!$CH$14 -> 75 | L100: =te!$CI$14 -> 82 | M100: =te!$CJ$14 -> 82 | N100: =te!$CK$14 -> 85 | R100: =te!$CN$14 -> 72 | S100: =te!$CM$14 -> 89 | U100: =te!$CL$14 -> 88 | X100: 14
A101: 10 | D101: Nilai Akhir | E101: =(E98*4+E99*3+E100*3)/10 -> 83.2 | F101: =(F98*4+F99*3+F100*3)/10 -> 86.5 | G101: =(G98*4+G99*3+G100*3)/10 -> 77.28 | H101: =AVERAGE(H93:H96) -> 83 | I101: =AVERAGE(I93:I96) -> 82 | J101: =AVERAGE(J93:J94) -> 89.5 | K101: =AVERAGE(K93:K96) -> 82.25 | L101: =(L98*4+L99*3+L100*3)/10 -> 79.7 | M101: =(M98*4+M99*3+M100*3)/10 -> 80 | N101: =(N98*4+N99*3+N100*3)/10 -> 80.98 | O101: =AVERAGE(O93:O94) -> 77 | P101: =AVERAGE(P93:P94) -> 87 | Q101: =AVERAGE(Q93:Q94) -> 89 | R101: =(R98*4+R99*3+R100*3)/10 -> 78.822222 | S101: =(S98*4+S99*3+S100*3)/10 -> 83.866667 | T101: =T99 -> 78 | U101: =(U98*4+U99*3+U100*3)/10 -> 81.8 | V101: =AVERAGE(E101:U101) -> 82.346993 | X101: 14
A102: 11 | B102: 222310011 | C102: RAYHAN ADI SAPUTRA | D102: SMT 1 | E102: =te!$E$15 -> 82 | F102: =te!$K$15 -> 80 | G102: =te!$Q$15 -> 82 | H102: =te!$W$15 -> 82 | I102: =te!$AA$15 -> 81 | J102: =te!$AE$15 -> 83 | K102: =te!$AG$15 -> 83 | M102: =te!$AM$15 -> 76 | N102: =te!$AS$15 -> 72 | O102: =te!$AY$15 -> 75 | P102: =te!$BA$15 -> 82 | Q102: =te!$BC$15 -> 79 | X102: 15
A103: 11 | D103: SMT 2 | E103: =te!$F$15 -> 87 | F103: =te!$L$15 -> 80 | G103: =te!$R$15 -> 80 | H103: =te!$X$15 -> 85 | I103: =te!$AB$15 -> 84 | J103: =te!$AF$15 -> 84 | K103: =te!$AH$15 -> 85 | M103: =te!$AN$15 -> 76 | N103: =te!$AT$15 -> 77 | O103: =te!$AZ$15 -> 79 | P103: =te!$BB$15 -> 86 | Q103: =te!$BD$15 -> 86 | X103: 15
...

Sheet tkr
A1: NO | B1: NIS | C1: NAMA PESERTA | D1: KELAS | BC1: TEKNIK JARINGAN KOMPUTER DAN TELEKOMUNIKASI | BE1: MAPEL KONSENTRASI KEAHLIAN | BI1: MAPEL KONSENTRASI KEAHLIAN | BM1: MAPEL KONSENTRASI KEAHLIAN | CD1: NILAI UJIAN SEKOLAH | CM1: =E2 -> 1.Pendidikan Agama Islam (PAI) | CQ1: =K2 -> 2.Pendidikan Pancasila | CU1: =Q2 -> 3.Bahasa Indonesia | CY1: =W2 -> 4.Pendidikan Jasmani Olahraga dan Kesehatan | DA1: =AA2 -> 5.Sejarah | DC1: =AE2 -> 6.Seni Budaya (Seni Tari) | DE1: =AG2 -> 7.Bahasa Sunda | DG1: =AK2 -> 8.Public speaking | DK1: =AM2 -> 9.Matematika | DO1: =AS2 -> 10.Bahasa Inggris | DS1: =AY2 -> 11.Informatika | DU1: =BA2 -> 12.Projek Ilmu Pengetahuan Alam dan Sosial | DW1: =BC2 -> 13.Dasar - dasar Program Keahlian | DY1: 14. Konsentrasi Keahlian | EC1: =BU2 -> 15.Projek Kreatif dan Kewirausahaan | EG1: 16.PKL | EH1: =BZ2 -> 17.Bahasa Jepang | EL1: NILAI IJAZAH / SKL
E2: 1.Pendidikan Agama Islam (PAI) | K2: 2.Pendidikan Pancasila | Q2: 3.Bahasa Indonesia | W2: 4.Pendidikan Jasmani Olahraga dan Kesehatan | AA2: 5.Sejarah | AE2: 6.Seni Budaya (Seni Tari) | AG2: 7.Bahasa Sunda | AK2: 8.Public speaking | AM2: 9.Matematika | AS2: 10.Bahasa Inggris | AY2: 11.Informatika | BA2: 12.Projek Ilmu Pengetahuan Alam dan Sosial | BC2: 13.Dasar - dasar Program Keahlian | BE2: 14.Pemeliharaan Mesin Kendaraan Ringan | BI2: 14.Pemeliharaan Cassis & Pemindah Tenaga | BM2: 14.Pemeliharaan Kelistrikan Kendaraan Ringan | BQ2: KONS | BU2: 15.Projek Kreatif dan Kewirausahaan | BY2: 16.PKL | BZ2: 17.Bahasa Jepang | EL2: 1.Pendidikan Agama dan Budi Pekerti | EM2: 2.Pendidikan Pancasila | EN2: 3.Bahasa Indonesia | EO2: 4.Pendidikan Jasmani Olahraga dan Kesehatan | EP2: 5.Sejarah | EQ2: 6.Seni Budaya (Seni Tari) | ER2: 7.Bahasa Sunda | ES2: 8.Public speaking | ET2: 9.Matematika | EU2: 10.Bahasa Inggris | EV2: 11.Informatika | EW2: 12.Projek Ilmu Pengetahuan Alam dan Sosial | EX2: 13.Dasar - dasar Program Keahlian | EY2: 14.Konsentrasi Keahlian | EZ2: 15.Projek Kreatif dan Kewirausahaan | FA2: 16.Praktik Kerja Lapangan | FB2: 17.Mepel Pilihan (Bahasa Jepang) | FC2: RATA-RATA
E3: ST1 | F3: ST2 | G3: ST3 | H3: ST4 | I3: ST5 | J3: ST6 | K3: ST1 | L3: ST2 | M3: ST3 | N3: ST4 | O3: ST5 | P3: ST6 | Q3: ST1 | R3: ST2 | S3: ST3 | T3: ST4 | U3: ST5 | V3: ST6 | W3: ST1 | X3: ST2 | Y3: ST3 | Z3: ST4 | AA3: ST1 | AB3: ST2 | AC3: ST3 | AD3: ST4 | AE3: ST1 | AF3: ST2 | AG3: ST1 | AH3: ST2 | AI3: ST3 | AJ3: ST4 | AK3: ST5 | AL3: ST6 | AM3: ST1 | AN3: ST2 | AO3: ST3 | AP3: ST4 | AQ3: ST5 | AR3: ST6 | AS3: ST1 | AT3: ST2 | AU3: ST3 | AV3: ST4 | AW3: ST5 | AX3: ST6 | AY3: ST1 | AZ3: ST2 | BA3: ST1 | BB3: ST2 | BC3: ST1 | BD3: ST2 | BE3: ST3 | BF3: ST4 | BG3: ST5 | BH3: ST6 | BI3: ST3 | BJ3: ST4 | BK3: ST5 | BL3: ST6 | BM3: ST3 | BN3: ST4 | BO3: ST5 | BP3: ST6 | BQ3: ST3 | BR3: ST4 | BS3: ST5 | BT3: ST6 | BU3: ST3 | BV3: ST4 | BW3: ST5 | BX3: ST6 | BY3: 5 | BZ3: ST3 | CA3: ST4 | CB3: ST5 | CC3: ST6 | CD3: PAI | CE3: PKN | CF3: B IND | CG3: P. SPEAKING | CH3: MTK | CI3: B ING | CJ3: B JPN | CK3: PKK | CL3: KONST | CM3: PORT | CN3: ST6 | CO3: US | CP3: NA | CQ3: PORT | CR3: ST6 | CS3: US | CT3: NA | CU3: PORT | CV3: ST6 | CW3: US | CX3: NA | CY3: PORT | CZ3: NA | DA3: PORT | DB3: NA | DC3: PORT | DD3: NA | DE3: PORT | DF3: NA | DG3: PORT | DH3: ST6 | DI3: US | DJ3: NA | DK3: PORT | DL3: ST6 | DM3: US | DN3: NA | DO3: PORT | DP3: ST6 | DQ3: US | DR3: NA | DS3: PORT | DT3: NA | DU3: PORT | DV3: NA | DW3: PORT | DX3: NA | DY3: PORT | DZ3: ST6 | EA3: US | EB3: NA | EC3: PORT | ED3: ST6 | EE3: US | EF3: NA | EG3: NA | EH3: PORT | EI3: ST6 | EJ3: US | EK3: NA | EL3: 1.Pendidikan Agama dan Budi Pekerti | EM3: 2.Pendidikan Pancasila | EN3: 3.Bahasa Indonesia | EO3: 4.Pendidikan Jasmani Olahraga dan Kesehatan | EP3: 5.Sejarah | EQ3: 6.Seni Budaya (Seni Tari) | ER3: 7.Bahasa Sunda | ES3: 8.Public speaking | ET3: 9.Matematika | EU3: 10.Bahasa Inggris | EV3: 11.Informatika | EW3: 12.Projek Ilmu Pengetahuan Alam dan Sosial | EX3: 13.Dasar - dasar Program Keahlian | EY3: 14.Konsentrasi Keahlian | EZ3: 15.Projek Kreatif dan Kewirausahaan | FA3: 16.Praktik Kerja Lapangan | FB3: 17.Mepel Pilihan (Bahasa Jepang)
EL4: 1.Pendidikan Agama dan Budi Pekerti | EM4: 2.Pendidikan Pancasila | EN4: 3.Bahasa Indonesia | EO4: 4.Pendidikan Jasmani Olahraga dan Kesehatan | EP4: 5.Sejarah | EQ4: 6.Seni Budaya (Seni Tari) | ER4: 7.Bahasa Sunda | ES4: 8.Public speaking | ET4: 9.Matematika | EU4: 10.Bahasa Inggris | EV4: 11.Informatika | EW4: 12.Projek Ilmu Pengetahuan Alam dan Sosial | EX4: 13.Dasar - dasar Program Keahlian | EY4: 14.Konsentrasi Keahlian | EZ4: 15.Projek Kreatif dan Kewirausahaan | FA4: 16.Praktik Kerja Lapangan | FB4: 17.Mepel Pilihan (Bahasa Jepang)
A5: 1 | B5: 0072600435 | C5: ACHMAD ALDILAH | D5: 12 TKR 1 | E5: 91 | F5: 89 | G5: 91 | H5: 85 | I5: 91 | J5: 90 | K5: 74 | L5: 82 | M5: 95 | N5: 89 | O5: 93 | P5: 90 | Q5: 85 | R5: 89 | S5: 83 | T5: 86 | U5: 83 | V5: 84 | W5: 82 | X5: 84 | Y5: 84 | Z5: 85 | AA5: 83 | AB5: 85 | AC5: 85 | AD5: 86 | AE5: 94 | AF5: 85 | AG5: 84 | AH5: 76 | AI5: 78 | AJ5: 83 | AK5: 86 | AL5: 84 | AM5: 74 | AN5: 75 | AO5: 75 | AP5: 82 | AQ5: 80 | AR5: 89 | AS5: 82 | AT5: 85 | AU5: 83 | AV5: 86 | AW5: 86 | AX5: 89 | AY5: 75 | AZ5: 79 | BA5: 88 | BB5: 88 | BC5: 82 | BD5: 85 | BE5: 85 | BF5: 81 | BG5: 83 | BH5: 90 | BI5: 85 | BJ5: 87 | BK5: 87 | BL5: 90 | BM5: 84 | BN5: 81 | BO5: 87 | BP5: 90 | BQ5: =AVERAGE(BE5,BI5,BM5) -> 84.666667 | BR5: =AVERAGE(BF5,BJ5,BN5) -> 83 | BS5: =AVERAGE(BG5,BK5,BO5) -> 85.666667 | BT5: =AVERAGE(BH5,BL5,BP5) -> 90 | BU5: 81 | BV5: 82 | BW5: 86 | BX5: 90 | BY5: 89 | BZ5: 70 | CA5: 82 | CB5: 83 | CC5: 89 | CD5: 90 | CE5: 95 | CF5: 88 | CG5: 97 | CH5: 81 | CI5: 88 | CJ5: 87 | CK5: 85.9 | CL5: 75 | CM5: =AVERAGE(E5:I5) -> 89.4 | CN5: =J5 -> 90 | CO5: =CD5 -> 90 | CP5: =(CM5*4+CN5*3+CO5*3)/10 -> 89.76 | CQ5: =AVERAGE(K5:O5) -> 86.6 | CR5: =P5 -> 90 | CS5: =CE5 -> 95 | CT5: =(CQ5*4+CR5*3+CS5*3)/10 -> 90.14 | CU5: =AVERAGE(Q5:U5) -> 85.2 | CV5: =V5 -> 84 | CW5: =CF5 -> 88 | CX5: =(CU5*4+CV5*3+CW5*3)/10 -> 85.68 | CY5: =AVERAGE(W5:Z5) -> 83.75 | CZ5: =CY5 -> 83.75 | DA5: =AVERAGE(AA5:AD5) -> 84.75 | DB5: =DA5 -> 84.75 | DC5: =AVERAGE(AE5:AF5) -> 89.5 | DD5: =DC5 -> 89.5 | DE5: =AVERAGE(AG5:AJ5) -> 80.25 | DF5: =DE5 -> 80.25 | DG5: =AK5 -> 86 | DH5: =AL5 -> 84 | DI5: =CG5 -> 97 | DJ5: =(DG5*4+DH5*3+DI5*3)/10 -> 88.7 | DK5: =AVERAGE(AM5:AQ5) -> 77.2 | DL5: =AR5 -> 89 | DM5: =CH5 -> 81 | DN5: =(DK5*4+DL5*3+DM5*3)/10 -> 81.88 | DO5: =AVERAGE(AS5:AW5) -> 84.4 | DP5: =AX5 -> 89 | DQ5: =CI5 -> 88 | DR5: =(DO5*4+DP5*3+DQ5*3)/10 -> 86.86 | DS5: =AVERAGE(AY5:AZ5) -> 77 | DT5: =DS5 -> 77 | DU5: =AVERAGE(BA5:BB5) -> 88 | DV5: =DU5 -> 88 | DW5: =AVERAGE(BC5:BD5) -> 83.5 | DX5: =DW5 -> 83.5 | DY5: =AVERAGE(BQ5:BS5) -> 84.444444 | DZ5: =BT5 -> 90 | EA5: =CL5 -> 75 | EB5: =(DY5*4+DZ5*3+EA5*3)/10 -> 83.277778 | EC5: =AVERAGE(BU5:BW5) -> 83 | ED5: =BX5 -> 90 | EE5: =CK5 -> 85.9 | EF5: =(EC5*4+ED5*3+EE5*3)/10 -> 85.97 | EG5: =BY5 -> 89 | EH5: =AVERAGE(BZ5:CB5) -> 78.333333 | EI5: =CC5 -> 89 | EJ5: =CJ5 -> 87 | EK5: =(EH5*4+EI5*3+EJ5*3)/10 -> 84.133333 | EL5: =CP5 -> 89.76 | EM5: =CT5 -> 90.14 | EN5: =CX5 -> 85.68 | EO5: =CZ5 -> 83.75 | EP5: =DB5 -> 84.75 | EQ5: =DD5 -> 89.5 | ER5: =DF5 -> 80.25 | ES5: =DJ5 -> 88.7 | ET5: =DN5 -> 81.88 | EU5: =DR5 -> 86.86 | EV5: =DT5 -> 77 | EW5: =DV5 -> 88 | EX5: =DX5 -> 83.5 | EY5: =EB5 -> 83.277778 | EZ5: =EF5 -> 85.97 | FA5: =EG5 -> 89 | FB5: =EK5 -> 84.133333 | FC5: =AVERAGE(EL5:FB5) -> 85.420654
A6: 2 | B6: 0078419956 | C6: AKHADI DIKA SATRIAJI | D6: 12 TKR 1 | E6: 91 | F6: 79 | G6: 88 | H6: 84 | I6: 84 | J6: 75 | K6: 80 | L6: 82 | M6: 80 | N6: 91 | O6: 91 | P6: 75 | Q6: 80 | R6: 89 | S6: 78 | T6: 84 | U6: 73 | V6: 76 | W6: 82 | X6: 81 | Y6: 79 | Z6: 82 | AA6: 77 | AB6: 83 | AC6: 77 | AD6: 82 | AE6: 96 | AF6: 84 | AG6: 82 | AH6: 72 | AI6: 71 | AJ6: 82 | AK6: 80 | AL6: 76 | AM6: 84 | AN6: 83 | AO6: 73 | AP6: 79 | AQ6: 79 | AR6: 79 | AS6: 81 | AT6: 80 | AU6: 77 | AV6: 77 | AW6: 77 | AX6: 79 | AY6: 75 | AZ6: 77 | BA6: 84 | BB6: 84 | BC6: 80 | BD6: 79 | BE6: 75 | BF6: 76 | BG6: 76 | BH6: 77 | BI6: 78 | BJ6: 75 | BK6: 75 | BL6: 77 | BM6: 75 | BN6: 75 | BO6: 77 | BP6: 77 | BQ6: =AVERAGE(BE6,BI6,BM6) -> 76 | BR6: =AVERAGE(BF6,BJ6,BN6) -> 75.333333 | BS6: =AVERAGE(BG6,BK6,BO6) -> 76 | BT6: =AVERAGE(BH6,BL6,BP6) -> 77 | BU6: 78 | BV6: 80 | BW6: 80 | BX6: 77 | BY6: 76 | BZ6: 73 | CA6: 86 | CB6: 75 | CC6: 79 | CD6: 88 | CE6: 93 | CF6: 85 | CG6: 97 | CH6: 80 | CI6: 85 | CJ6: 76 | CK6: 75.7 | CL6: 97 | CM6: =AVERAGE(E6:I6) -> 85.2 | CN6: =J6 -> 75 | CO6: =CD6 -> 88 | CP6: =(CM6*4+CN6*3+CO6*3)/10 -> 82.98 | CQ6: =AVERAGE(K6:O6) -> 84.8 | CR6: =P6 -> 75 | CS6: =CE6 -> 93 | CT6: =(CQ6*4+CR6*3+CS6*3)/10 -> 84.32 | CU6: =AVERAGE(Q6:U6) -> 80.8 | CV6: =V6 -> 76 | CW6: =CF6 -> 85 | CX6: =(CU6*4+CV6*3+CW6*3)/10 -> 80.62 | CY6: =AVERAGE(W6:Z6) -> 81 | CZ6: =CY6 -> 81 | DA6: =AVERAGE(AA6:AD6) -> 79.75 | DB6: =DA6 -> 79.75 | DC6: =AVERAGE(AE6:AF6) -> 90 | DD6: =DC6 -> 90 | DE6: =AVERAGE(AG6:AJ6) -> 76.75 | DF6: =DE6 -> 76.75 | DG6: =AK6 -> 80 | DH6: =AL6 -> 76 | DI6: =CG6 -> 97 | DJ6: =(DG6*4+DH6*3+DI6*3)/10 -> 83.9 | DK6: =AVERAGE(AM6:AQ6) -> 79.6 | DL6: =AR6 -> 79 | DM6: =CH6 -> 80 | DN6: =(DK6*4+DL6*3+DM6*3)/10 -> 79.54 | DO6: =AVERAGE(AS6:AW6) -> 78.4 | DP6: =AX6 -> 79 | DQ6: =CI6 -> 85 | DR6: =(DO6*4+DP6*3+DQ6*3)/10 -> 80.56 | DS6: =AVERAGE(AY6:AZ6) -> 76 | DT6: =DS6 -> 76 | DU6: =AVERAGE(BA6:BB6) -> 84 | DV6: =DU6 -> 84 | DW6: =AVERAGE(BC6:BD6) -> 79.5 | DX6: =DW6 -> 79.5 | DY6: =AVERAGE(BQ6:BS6) -> 75.777778 | DZ6: =BT6 -> 77 | EA6: =CL6 -> 97 | EB6: =(DY6*4+DZ6*3+EA6*3)/10 -> 82.511111 | EC6: =AVERAGE(BU6:BW6) -> 79.333333 | ED6: =BX6 -> 77 | EE6: =CK6 -> 75.7 | EF6: =(EC6*4+ED6*3+EE6*3)/10 -> 77.543333 | EG6: =BY6 -> 76 | EH6: =AVERAGE(BZ6:CB6) -> 78 | EI6: =CC6 -> 79 | EJ6: =CJ6 -> 76 | EK6: =(EH6*4+EI6*3+EJ6*3)/10 -> 77.7 | EL6: =CP6 -> 82.98 | EM6: =CT6 -> 84.32 | EN6: =CX6 -> 80.62 | EO6: =CZ6 -> 81 | EP6: =DB6 -> 79.75 | EQ6: =DD6 -> 90 | ER6: =DF6 -> 76.75 | ES6: =DJ6 -> 83.9 | ET6: =DN6 -> 79.54 | EU6: =DR6 -> 80.56 | EV6: =DT6 -> 76 | EW6: =DV6 -> 84 | EX6: =DX6 -> 79.5 | EY6: =EB6 -> 82.511111 | EZ6: =EF6 -> 77.543333 | FA6: =EG6 -> 76 | FB6: =EK6 -> 77.7 | FC6: =AVERAGE(EL6:FB6) -> 80.745556
A7: 3 | B7: 0073159676 | C7: ALIYUDIN | D7: 12 TKR 1 | E7: 90 | F7: 88 | G7: 93 | H7: 89 | I7: 91 | J7: 87 | K7: 86 | L7: 84 | M7: 95 | N7: 91 | O7: 93 | P7: 85 | Q7: 88 | R7: 86 | S7: 90 | T7: 93 | U7: 86 | V7: 84 | W7: 84 | X7: 84 | Y7: 84 | Z7: 86 | AA7: 80 | AB7: 82 | AC7: 85 | AD7: 86 | AE7: 95 | AF7: 84 | AG7: 81 | AH7: 78 | AI7: 75 | AJ7: 82 | AK7: 88 | AL7: 84 | AM7: 85 | AN7: 88 | AO7: 88 | AP7: 93 | AQ7: 90 | AR7: 87 | AS7: 77 | AT7: 80 | AU7: 80 | AV7: 86 | AW7: 80 | AX7: 87 | AY7: 75 | AZ7: 78 | BA7: 87 | BB7: 90 | BC7: 81 | BD7: 85 | BE7: 86 | BF7: 81 | BG7: 82 | BH7: 86 | BI7: 86 | BJ7: 91 | BK7: 76 | BL7: 86 | BM7: 85 | BN7: 82 | BO7: 75 | BP7: 86 | BQ7: =AVERAGE(BE7,BI7,BM7) -> 85.666667 | BR7: =AVERAGE(BF7,BJ7,BN7) -> 84.666667 | BS7: =AVERAGE(BG7,BK7,BO7) -> 77.666667 | BT7: =AVERAGE(BH7,BL7,BP7) -> 86 | BU7: 81 | BV7: 82 | BW7: 88 | BX7: 86 | BY7: 86 | BZ7: 78 | CA7: 93 | CB7: 79 | CC7: 87 | CD7: 90 | CE7: 95 | CF7: 90 | CG7: 97 | CH7: 91 | CI7: 88 | CJ7: 81 | CK7: 78 | CL7: 90 | CM7: =AVERAGE(E7:I7) -> 90.2 | CN7: =J7 -> 87 | CO7: =CD7 -> 90 | CP7: =(CM7*4+CN7*3+CO7*3)/10 -> 89.18 | CQ7: =AVERAGE(K7:O7) -> 89.8 | CR7: =P7 -> 85 | CS7: =CE7 -> 95 | CT7: =(CQ7*4+CR7*3+CS7*3)/10 -> 89.92 | CU7: =AVERAGE(Q7:U7) -> 88.6 | CV7: =V7 -> 84 | CW7: =CF7 -> 90 | CX7: =(CU7*4+CV7*3+CW7*3)/10 -> 87.64 | CY7: =AVERAGE(W7:Z7) -> 84.5 | CZ7: =CY7 -> 84.5 | DA7: =AVERAGE(AA7:AD7) -> 83.25 | DB7: =DA7 -> 83.25 | DC7: =AVERAGE(AE7:AF7) -> 89.5 | DD7: =DC7 -> 89.5 | DE7: =AVERAGE(AG7:AJ7) -> 79 | DF7: =DE7 -> 79 | DG7: =AK7 -> 88 | DH7: =AL7 -> 84 | DI7: =CG7 -> 97 | DJ7: =(DG7*4+DH7*3+DI7*3)/10 -> 89.5 | DK7: =AVERAGE(AM7:AQ7) -> 88.8 | DL7: =AR7 -> 87 | DM7: =CH7 -> 91 | DN7: =(DK7*4+DL7*3+DM7*3)/10 -> 88.92 | DO7: =AVERAGE(AS7:AW7) -> 80.6 | DP7: =AX7 -> 87 | DQ7: =CI7 -> 88 | DR7: =(DO7*4+DP7*3+DQ7*3)/10 -> 84.74 | DS7: =AVERAGE(AY7:AZ7) -> 76.5 | DT7: =DS7 -> 76.5 | DU7: =AVERAGE(BA7:BB7) -> 88.5 | DV7: =DU7 -> 88.5 | DW7: =AVERAGE(BC7:BD7) -> 83 | DX7: =DW7 -> 83 | DY7: =AVERAGE(BQ7:BS7) -> 82.666667 | DZ7: =BT7 -> 86 | EA7: =CL7 -> 90 | EB7: =(DY7*4+DZ7*3+EA7*3)/10 -> 85.866667 | EC7: =AVERAGE(BU7:BW7) -> 83.666667 | ED7: =BX7 -> 86 | EE7: =CK7 -> 78 | EF7: =(EC7*4+ED7*3+EE7*3)/10 -> 82.666667 | EG7: =BY7 -> 86 | EH7: =AVERAGE(BZ7:CB7) -> 83.333333 | EI7: =CC7 -> 87 | EJ7: =CJ7 -> 81 | EK7: =(EH7*4+EI7*3+EJ7*3)/10 -> 83.733333 | EL7: =CP7 -> 89.18 | EM7: =CT7 -> 89.92 | EN7: =CX7 -> 87.64 | EO7: =CZ7 -> 84.5 | EP7: =DB7 -> 83.25 | EQ7: =DD7 -> 89.5 | ER7: =DF7 -> 79 | ES7: =DJ7 -> 89.5 | ET7: =DN7 -> 88.92 | EU7: =DR7 -> 84.74 | EV7: =DT7 -> 76.5 | EW7: =DV7 -> 88.5 | EX7: =DX7 -> 83 | EY7: =EB7 -> 85.866667 | EZ7: =EF7 -> 82.666667 | FA7: =EG7 -> 86 | FB7: =EK7 -> 83.733333 | FC7: =AVERAGE(EL7:FB7) -> 85.436275
A8: 4 | B8: 0079173166 | C8: DANU HARIADI | D8: 12 TKR 1 | E8: 87 | F8: 84 | G8: 89 | H8: 80 | I8: 84 | J8: 95 | K8: 80 | L8: 84 | M8: 89 | N8: 90 | O8: 93 | P8: 90 | Q8: 80 | R8: 70 | S8: 81 | T8: 82 | U8: 71 | V8: 85 | W8: 82 | X8: 83 | Y8: 83 | Z8: 84 | AA8: 82 | AB8: 79 | AC8: 84 | AD8: 84 | AE8: 95 | AF8: 84 | AG8: 80 | AH8: 74 | AI8: 72 | AJ8: 80 | AK8: 80 | AL8: 85 | AM8: 74 | AN8: 75 | AO8: 77 | AP8: 79 | AQ8: 74 | AR8: 90 | AS8: 72 | AT8: 78 | AU8: 80 | AV8: 77 | AW8: 80 | AX8: 90 | AY8: 76 | AZ8: 78 | BA8: 80 | BB8: 82 | BC8: 80 | BD8: 85 | BE8: 78 | BF8: 77 | BG8: 76 | BH8: 91 | BI8: 85 | BJ8: 75 | BK8: 88 | BL8: 91 | BM8: 80 | BN8: 78 | BO8: 89 | BP8: 91 | BQ8: =AVERAGE(BE8,BI8,BM8) -> 81 | BR8: =AVERAGE(BF8,BJ8,BN8) -> 76.666667 | BS8: =AVERAGE(BG8,BK8,BO8) -> 84.333333 | BT8: =AVERAGE(BH8,BL8,BP8) -> 91 | BU8: 77 | BV8: 79 | BW8: 80 | BX8: 91 | BY8: 90 | BZ8: 72 | CA8: 77 | CB8: 79 | CC8: 90 | CD8: 85 | CE8: 93 | CF8: 75 | CG8: 70 | CH8: 75 | CI8: 80 | CJ8: 78 | CK8: 87.78 | CL8: 70 | CM8: =AVERAGE(E8:I8) -> 84.8 | CN8: =J8 -> 95 | CO8: =CD8 -> 85 | CP8: =(CM8*4+CN8*3+CO8*3)/10 -> 87.92 | CQ8: =AVERAGE(K8:O8) -> 87.2 | CR8: =P8 -> 90 | CS8: =CE8 -> 93 | CT8: =(CQ8*4+CR8*3+CS8*3)/10 -> 89.78 | CU8: =AVERAGE(Q8:U8) -> 76.8 | CV8: =V8 -> 85 | CW8: =CF8 -> 75 | CX8: =(CU8*4+CV8*3+CW8*3)/10 -> 78.72 | CY8: =AVERAGE(W8:Z8) -> 83 | CZ8: =CY8 -> 83 | DA8: =AVERAGE(AA8:AD8) -> 82.25 | DB8: =DA8 -> 82.25 | DC8: =AVERAGE(AE8:AF8) -> 89.5 | DD8: =DC8 -> 89.5 | DE8: =AVERAGE(AG8:AJ8) -> 76.5 | DF8: =DE8 -> 76.5 | DG8: =AK8 -> 80 | DH8: =AL8 -> 85 | DI8: =CG8 -> 70 | DJ8: =(DG8*4+DH8*3+DI8*3)/10 -> 78.5 | DK8: =AVERAGE(AM8:AQ8) -> 75.8 | DL8: =AR8 -> 90 | DM8: =CH8 -> 75 | DN8: =(DK8*4+DL8*3+DM8*3)/10 -> 79.82 | DO8: =AVERAGE(AS8:AW8) -> 77.4 | DP8: =AX8 -> 90 | DQ8: =CI8 -> 80 | DR8: =(DO8*4+DP8*3+DQ8*3)/10 -> 81.96 | DS8: =AVERAGE(AY8:AZ8) -> 77 | DT8: =DS8 -> 77 | DU8: =AVERAGE(BA8:BB8) -> 81 | DV8: =DU8 -> 81 | DW8: =AVERAGE(BC8:BD8) -> 82.5 | DX8: =DW8 -> 82.5 | DY8: =AVERAGE(BQ8:BS8) -> 80.666667 | DZ8: =BT8 -> 91 | EA8: =CL8 -> 70 | EB8: =(DY8*4+DZ8*3+EA8*3)/10 -> 80.566667 | EC8: =AVERAGE(BU8:BW8) -> 78.666667 | ED8: =BX8 -> 91 | EE8: =CK8 -> 87.78 | EF8: =(EC8*4+ED8*3+EE8*3)/10 -> 85.100667 | EG8: =BY8 -> 90 | EH8: =AVERAGE(BZ8:CB8) -> 76 | EI8: =CC8 -> 90 | EJ8: =CJ8 -> 78 | EK8: =(EH8*4+EI8*3+EJ8*3)/10 -> 80.8 | EL8: =CP8 -> 87.92 | EM8: =CT8 -> 89.78 | EN8: =CX8 -> 78.72 | EO8: =CZ8 -> 83 | EP8: =DB8 -> 82.25 | EQ8: =DD8 -> 89.5 | ER8: =DF8 -> 76.5 | ES8: =DJ8 -> 78.5 | ET8: =DN8 -> 79.82 | EU8: =DR8 -> 81.96 | EV8: =DT8 -> 77 | EW8: =DV8 -> 81 | EX8: =DX8 -> 82.5 | EY8: =EB8 -> 80.566667 | EZ8: =EF8 -> 85.100667 | FA8: =EG8 -> 90 | FB8: =EK8 -> 80.8 | FC8: =AVERAGE(EL8:FB8) -> 82.642196
A9: 5 | B9: 0065714978 | C9: DIMAS PRASETYO | D9: 12 TKR 1 | E9: 92 | F9: 90 | G9: 93 | H9: 88 | I9: 90 | J9: 83 | K9: 85 | L9: 85 | M9: 93 | N9: 90 | O9: 93 | P9: 80 | Q9: 80 | R9: 88 | S9: 80 | T9: 88 | U9: 75 | V9: 80 | W9: 84 | X9: 84 | Y9: 84 | Z9: 86 | AA9: 82 | AB9: 82 | AC9: 86 | AD9: 87 | AE9: 95 | AF9: 86 | AG9: 83 | AH9: 81 | AI9: 78 | AJ9: 81 | AK9: 83 | AL9: 80 | AM9: 79 | AN9: 80 | AO9: 80 | AP9: 83 | AQ9: 82 | AR9: 79 | AS9: 78 | AT9: 82 | AU9: 78 | AV9: 82 | AW9: 80 | AX9: 79 | AY9: 78 | AZ9: 79 | BA9: 85 | BB9: 90 | BC9: 80 | BD9: 85 | BE9: 85 | BF9: 81 | BG9: 77 | BH9: 86 | BI9: 85 | BJ9: 87 | BK9: 77 | BL9: 86 | BM9: 84 | BN9: 81 | BO9: 81 | BP9: 86 | BQ9: =AVERAGE(BE9,BI9,BM9) -> 84.666667 | BR9: =AVERAGE(BF9,BJ9,BN9) -> 83 | BS9: =AVERAGE(BG9,BK9,BO9) -> 78.333333 | BT9: =AVERAGE(BH9,BL9,BP9) -> 86 | BU9: 81 | BV9: 82 | BW9: 83 | BX9: 86 | BY9: 82 | BZ9: 72 | CA9: 91 | CB9: 79 | CC9: 79 | CD9: 89 | CE9: 88 | CF9: 87 | CG9: 87 | CH9: 83 | CI9: 83 | CJ9: 81 | CK9: 80 | CL9: 70 | CM9: =AVERAGE(E9:I9) -> 90.6 | CN9: =J9 -> 83 | CO9: =CD9 -> 89 | CP9: =(CM9*4+CN9*3+CO9*3)/10 -> 87.84 | CQ9: =AVERAGE(K9:O9) -> 89.2 | CR9: =P9 -> 80 | CS9: =CE9 -> 88 | CT9: =(CQ9*4+CR9*3+CS9*3)/10 -> 86.08 | CU9: =AVERAGE(Q9:U9) -> 82.2 | CV9: =V9 -> 80 | CW9: =CF9 -> 87 | CX9: =(CU9*4+CV9*3+CW9*3)/10 -> 82.98 | CY9: =AVERAGE(W9:Z9) -> 84.5 | CZ9: =CY9 -> 84.5 | DA9: =AVERAGE(AA9:AD9) -> 84.25 | DB9: =DA9 -> 84.25 | DC9: =AVERAGE(AE9:AF9) -> 90.5 | DD9: =DC9 -> 90.5 | DE9: =AVERAGE(AG9:AJ9) -> 80.75 | DF9: =DE9 -> 80.75 | DG9: =AK9 -> 83 | DH9: =AL9 -> 80 | DI9: =CG9 -> 87 | DJ9: =(DG9*4+DH9*3+DI9*3)/10 -> 83.3 | DK9: =AVERAGE(AM9:AQ9) -> 80.8 | DL9: =AR9 -> 79 | DM9: =CH9 -> 83 | DN9: =(DK9*4+DL9*3+DM9*3)/10 -> 80.92 | DO9: =AVERAGE(AS9:AW9) -> 80 | DP9: =AX9 -> 79 | DQ9: =CI9 -> 83 | DR9: =(DO9*4+DP9*3+DQ9*3)/10 -> 80.6 | DS9: =AVERAGE(AY9:AZ9) -> 78.5 | DT9: =DS9 -> 78.5 | DU9: =AVERAGE(BA9:BB9) -> 87.5 | DV9: =DU9 -> 87.5 | DW9: =AVERAGE(BC9:BD9) -> 82.5 | DX9: =DW9 -> 82.5 | DY9: =AVERAGE(BQ9:BS9) -> 82 | DZ9: =BT9 -> 86 | EA9: =CL9 -> 70 | EB9: =(DY9*4+DZ9*3+EA9*3)/10 -> 79.6 | EC9: =AVERAGE(BU9:BW9) -> 82 | ED9: =BX9 -> 86 | EE9: =CK9 -> 80 | EF9: =(EC9*4+ED9*3+EE9*3)/10 -> 82.6 | EG9: =BY9 -> 82 | EH9: =AVERAGE(BZ9:CB9) -> 80.666667 | EI9: =CC9 -> 79 | EJ9: =CJ9 -> 81 | EK9: =(EH9*4+EI9*3+EJ9*3)/10 -> 80.266667 | EL9: =CP9 -> 87.84 | EM9: =CT9 -> 86.08 | EN9: =CX9 -> 82.98 | EO9: =CZ9 -> 84.5 | EP9: =DB9 -> 84.25 | EQ9: =DD9 -> 90.5 | ER9: =DF9 -> 80.75 | ES9: =DJ9 -> 83.3 | ET9: =DN9 -> 80.92 | EU9: =DR9 -> 80.6 | EV9: =DT9 -> 78.5 | EW9: =DV9 -> 87.5 | EX9: =DX9 -> 82.5 | EY9: =EB9 -> 79.6 | EZ9: =EF9 -> 82.6 | FA9: =EG9 -> 82 | FB9: =EK9 -> 80.266667 | FC9: =AVERAGE(EL9:FB9) -> 83.216863
A10: 6 | B10: 0074112763 | C10: GIVEN GERALDO KALIGIS | D10: 12 TKR 1 | E10: 91 | F10: 87 | G10: 91 | H10: 82 | I10: 91 | J10: 95 | K10: 87 | L10: 83 | M10: 95 | N10: 87 | O10: 92 | P10: 90 | Q10: 83 | R10: 76 | S10: 84 | T10: 85 | U10: 83 | V10: 90 | W10: 85 | X10: 85 | Y10: 84 | Z10: 86 | AA10: 80 | AB10: 83 | AC10: 85 | AD10: 86 | AE10: 94 | AF10: 83 | AG10: 80 | AH10: 74 | AI10: 72 | AJ10: 80 | AK10: 86 | AL10: 90 | AM10: 87 | AN10: 88 | AO10: 80 | AP10: 84 | AQ10: 85 | AR10: 95 | AS10: 77 | AT10: 80 | AU10: 80 | AV10: 77 | AW10: 80 | AX10: 95 | AY10: 74 | AZ10: 78 | BA10: 80 | BB10: 82 | BC10: 81 | BD10: 80 | BE10: 82 | BF10: 79 | BG10: 82 | BH10: 93 | BI10: 83 | BJ10: 87 | BK10: 82 | BL10: 93 | BM10: 81 | BN10: 79 | BO10: 85 | BP10: 93 | BQ10: =AVERAGE(BE10,BI10,BM10) -> 82 | BR10: =AVERAGE(BF10,BJ10,BN10) -> 81.666667 | BS10: =AVERAGE(BG10,BK10,BO10) -> 83 | BT10: =AVERAGE(BH10,BL10,BP10) -> 93 | BU10: 78 | BV10: 80 | BW10: 86 | BX10: 93 | BY10: 93 | BZ10: 73 | CA10: 84 | CB10: 76 | CC10: 95 | CD10: 87 | CE10: 80 | CF10: 80 | CG10: 70 | CH10: 86 | CI10: 83 | CJ10: 84 | CK10: 82 | CL10: 70 | CM10: =AVERAGE(E10:I10) -> 88.4 | CN10: =J10 -> 95 | CO10: =CD10 -> 87 | CP10: =(CM10*4+CN10*3+CO10*3)/10 -> 89.96 | CQ10: =AVERAGE(K10:O10) -> 88.8 | CR10: =P10 -> 90 | CS10: =CE10 -> 80 | CT10: =(CQ10*4+CR10*3+CS10*3)/10 -> 86.52 | CU10: =AVERAGE(Q10:U10) -> 82.2 | CV10: =V10 -> 90 | CW10: =CF10 -> 80 | CX10: =(CU10*4+CV10*3+CW10*3)/10 -> 83.88 | CY10: =AVERAGE(W10:Z10) -> 85 | CZ10: =CY10 -> 85 | DA10: =AVERAGE(AA10:AD10) -> 83.5 | DB10: =DA10 -> 83.5 | DC10: =AVERAGE(AE10:AF10) -> 88.5 | DD10: =DC10 -> 88.5 | DE10: =AVERAGE(AG10:AJ10) -> 76.5 | DF10: =DE10 -> 76.5 | DG10: =AK10 -> 86 | DH10: =AL10 -> 90 | DI10: =CG10 -> 70 | DJ10: =(DG10*4+DH10*3+DI10*3)/10 -> 82.4 | DK10: =AVERAGE(AM10:AQ10) -> 84.8 | DL10: =AR10 -> 95 | DM10: =CH10 -> 86 | DN10: =(DK10*4+DL10*3+DM10*3)/10 -> 88.22 | DO10: =AVERAGE(AS10:AW10) -> 78.8 | DP10: =AX10 -> 95 | DQ10: =CI10 -> 83 | DR10: =(DO10*4+DP10*3+DQ10*3)/10 -> 84.92 | DS10: =AVERAGE(AY10:AZ10) -> 76 | DT10: =DS10 -> 76 | DU10: =AVERAGE(BA10:BB10) -> 81 | DV10: =DU10 -> 81 | DW10: =AVERAGE(BC10:BD10) -> 80.5 | DX10: =DW10 -> 80.5 | DY10: =AVERAGE(BQ10:BS10) -> 82.222222 | DZ10: =BT10 -> 93 | EA10: =CL10 -> 70 | EB10: =(DY10*4+DZ10*3+EA10*3)/10 -> 81.788889 | EC10: =AVERAGE(BU10:BW10) -> 81.333333 | ED10: =BX10 -> 93 | EE10: =CK10 -> 82 | EF10: =(EC10*4+ED10*3+EE10*3)/10 -> 85.033333 | EG10: =BY10 -> 93 | EH10: =AVERAGE(BZ10:CB10) -> 77.666667 | EI10: =CC10 -> 95 | EJ10: =CJ10 -> 84 | EK10: =(EH10*4+EI10*3+EJ10*3)/10 -> 84.766667 | EL10: =CP10 -> 89.96 | EM10: =CT10 -> 86.52 | EN10: =CX10 -> 83.88 | EO10: =CZ10 -> 85 | EP10: =DB10 -> 83.5 | EQ10: =DD10 -> 88.5 | ER10: =DF10 -> 76.5 | ES10: =DJ10 -> 82.4 | ET10: =DN10 -> 88.22 | EU10: =DR10 -> 84.92 | EV10: =DT10 -> 76 | EW10: =DV10 -> 81 | EX10: =DX10 -> 80.5 | EY10: =EB10 -> 81.788889 | EZ10: =EF10 -> 85.033333 | FA10: =EG10 -> 93 | FB10: =EK10 -> 84.766667 | FC10: =AVERAGE(EL10:FB10) -> 84.205229
A11: 7 | B11: 0075760068 | C11: HERU RAMADANA | D11: 12 TKR 1 | E11: 87 | F11: 87 | G11: 92 | H11: 85 | I11: 91 | J11: 85 | K11: 77 | L11: 82 | M11: 91 | N11: 88 | O11: 93 | P11: 80 | Q11: 78 | R11: 85 | S11: 80 | T11: 87 | U11: 87 | V11: 81 | W11: 82 | X11: 84 | Y11: 84 | Z11: 85 | AA11: 84 | AB11: 82 | AC11: 84 | AD11: 85 | AE11: 94 | AF11: 87 | AG11: 77 | AH11: 75 | AI11: 72 | AJ11: 80 | AK11: 80 | AL11: 81 | AM11: 74 | AN11: 75 | AO11: 78 | AP11: 78 | AQ11: 79 | AR11: 80 | AS11: 75 | AT11: 78 | AU11: 78 | AV11: 78 | AW11: 78 | AX11: 80 | AY11: 77 | AZ11: 80 | BA11: 80 | BB11: 82 | BC11: 81 | BD11: 84 | BE11: 84 | BF11: 81 | BG11: 82 | BH11: 83 | BI11: 84 | BJ11: 88 | BK11: 75 | BL11: 83 | BM11: 82 | BN11: 81 | BO11: 80 | BP11: 83 | BQ11: =AVERAGE(BE11,BI11,BM11) -> 83.333333 | BR11: =AVERAGE(BF11,BJ11,BN11) -> 83.333333 | BS11: =AVERAGE(BG11,BK11,BO11) -> 79 | BT11: =AVERAGE(BH11,BL11,BP11) -> 83 | BU11: 81 | BV11: 82 | BW11: 80 | BX11: 83 | BY11: 82 | BZ11: 72 | CA11: 80 | CB11: 75 | CC11: 80 | CD11: 89 | CE11: 90 | CF11: 88 | CG11: 92 | CH11: 80 | CI11: 85 | CJ11: 82 | CK11: 81 | CL11: 70 | CM11: =AVERAGE(E11:I11) -> 88.4 | CN11: =J11 -> 85 | CO11: =CD11 -> 89 | CP11: =(CM11*4+CN11*3+CO11*3)/10 -> 87.56 | CQ11: =AVERAGE(K11:O11) -> 86.2 | CR11: =P11 -> 80 | CS11: =CE11 -> 90 | CT11: =(CQ11*4+CR11*3+CS11*3)/10 -> 85.48 | CU11: =AVERAGE(Q11:U11) -> 83.4 | CV11: =V11 -> 81 | CW11: =CF11 -> 88 | CX11: =(CU11*4+CV11*3+CW11*3)/10 -> 84.06 | CY11: =AVERAGE(W11:Z11) -> 83.75 | CZ11: =CY11 -> 83.75 | DA11: =AVERAGE(AA11:AD11) -> 83.75 | DB11: =DA11 -> 83.75 | DC11: =AVERAGE(AE11:AF11) -> 90.5 | DD11: =DC11 -> 90.5 | DE11: =AVERAGE(AG11:AJ11) -> 76 | DF11: =DE11 -> 76 | DG11: =AK11 -> 80 | DH11: =AL11 -> 81 | DI11: =CG11 -> 92 | DJ11: =(DG11*4+DH11*3+DI11*3)/10 -> 83.9 | DK11: =AVERAGE(AM11:AQ11) -> 76.8 | DL11: =AR11 -> 80 | DM11: =CH11 -> 80 | DN11: =(DK11*4+DL11*3+DM11*3)/10 -> 78.72 | DO11: =AVERAGE(AS11:AW11) -> 77.4 | DP11: =AX11 -> 80 | DQ11: =CI11 -> 85 | DR11: =(DO11*4+DP11*3+DQ11*3)/10 -> 80.46 | DS11: =AVERAGE(AY11:AZ11) -> 78.5 | DT11: =DS11 -> 78.5 | DU11: =AVERAGE(BA11:BB11) -> 81 | DV11: =DU11 -> 81 | DW11: =AVERAGE(BC11:BD11) -> 82.5 | DX11: =DW11 -> 82.5 | DY11: =AVERAGE(BQ11:BS11) -> 81.888889 | DZ11: =BT11 -> 83 | EA11: =CL11 -> 70 | EB11: =(DY11*4+DZ11*3+EA11*3)/10 -> 78.655556 | EC11: =AVERAGE(BU11:BW11) -> 81 | ED11: =BX11 -> 83 | EE11: =CK11 -> 81 | EF11: =(EC11*4+ED11*3+EE11*3)/10 -> 81.6 | EG11: =BY11 -> 82 | EH11: =AVERAGE(BZ11:CB11) -> 75.666667 | EI11: =CC11 -> 80 | EJ11: =CJ11 -> 82 | EK11: =(EH11*4+EI11*3+EJ11*3)/10 -> 78.866667 | EL11: =CP11 -> 87.56 | EM11: =CT11 -> 85.48 | EN11: =CX11 -> 84.06 | EO11: =CZ11 -> 83.75 | EP11: =DB11 -> 83.75 | EQ11: =DD11 -> 90.5 | ER11: =DF11 -> 76 | ES11: =DJ11 -> 83.9 | ET11: =DN11 -> 78.72 | EU11: =DR11 -> 80.46 | EV11: =DT11 -> 78.5 | EW11: =DV11 -> 81 | EX11: =DX11 -> 82.5 | EY11: =EB11 -> 78.655556 | EZ11: =EF11 -> 81.6 | FA11: =EG11 -> 82 | FB11: =EK11 -> 78.866667 | FC11: =AVERAGE(EL11:FB11) -> 82.194248
A12: 8 | B12: 0074812062 | C12: IHSANTOSO DWI NUGROHO | D12: 12 TKR 1 | E12: 87 | F12: 77 | G12: 89 | H12: 81 | I12: 84 | J12: 77 | K12: 81 | L12: 78 | M12: 86 | N12: 80 | O12: 80 | P12: 79 | Q12: 80 | R12: 70 | S12: 72 | T12: 75 | U12: 70 | V12: 77 | W12: 81 | X12: 80 | Y12: 79 | Z12: 78 | AA12: 80 | AB12: 80 | AC12: 82 | AD12: 80 | AE12: 94 | AF12: 83 | AG12: 76 | AH12: 70 | AI12: 70 | AJ12: 80 | AK12: 80 | AL12: 77 | AM12: 73 | AN12: 74 | AO12: 76 | AP12: 76 | AQ12: 74 | AR12: 75 | AS12: 75 | AT12: 78 | AU12: 78 | AV12: 75 | AW12: 78 | AX12: 75 | AY12: 75 | AZ12: 78 | BA12: 80 | BB12: 78 | BC12: 82 | BD12: 85 | BE12: 81 | BF12: 80 | BG12: 77 | BH12: 79 | BI12: 77 | BJ12: 75 | BK12: 75 | BL12: 79 | BM12: 75 | BN12: 75 | BO12: 77 | BP12: 79 | BQ12: =AVERAGE(BE12,BI12,BM12) -> 77.666667 | BR12: =AVERAGE(BF12,BJ12,BN12) -> 76.666667 | BS12: =AVERAGE(BG12,BK12,BO12) -> 76.333333 | BT12: =AVERAGE(BH12,BL12,BP12) -> 79 | BU12: 77 | BV12: 79 | BW12: 80 | BX12: 79 | BY12: 77 | BZ12: 70 | CA12: 74 | CB12: 70 | CC12: 75 | CD12: 80 | CE12: 85 | CF12: 70 | CG12: 70 | CH12: 75 | CI12: 83 | CJ12: 75 | CK12: 70 | CL12: 70 | CM12: =AVERAGE(E12:I12) -> 83.6 | CN12: =J12 -> 77 | CO12: =CD12 -> 80 | CP12: =(CM12*4+CN12*3+CO12*3)/10 -> 80.54 | CQ12: =AVERAGE(K12:O12) -> 81 | CR12: =P12 -> 79 | CS12: =CE12 -> 85 | CT12: =(CQ12*4+CR12*3+CS12*3)/10 -> 81.6 | CU12: =AVERAGE(Q12:U12) -> 73.4 | CV12: =V12 -> 77 | CW12: =CF12 -> 70 | CX12: =(CU12*4+CV12*3+CW12*3)/10 -> 73.46 | CY12: =AVERAGE(W12:Z12) -> 79.5 | CZ12: =CY12 -> 79.5 | DA12: =AVERAGE(AA12:AD12) -> 80.5 | DB12: =DA12 -> 80.5 | DC12: =AVERAGE(AE12:AF12) -> 88.5 | DD12: =DC12 -> 88.5 | DE12: =AVERAGE(AG12:AJ12) -> 74 | DF12: =DE12 -> 74 | DG12: =AK12 -> 80 | DH12: =AL12 -> 77 | DI12: =CG12 -> 70 | DJ12: =(DG12*4+DH12*3+DI12*3)/10 -> 76.1 | DK12: =AVERAGE(AM12:AQ12) -> 74.6 | DL12: =AR12 -> 75 | DM12: =CH12 -> 75 | DN12: =(DK12*4+DL12*3+DM12*3)/10 -> 74.84 | DO12: =AVERAGE(AS12:AW12) -> 76.8 | DP12: =AX12 -> 75 | DQ12: =CI12 -> 83 | DR12: =(DO12*4+DP12*3+DQ12*3)/10 -> 78.12 | DS12: =AVERAGE(AY12:AZ12) -> 76.5 | DT12: =DS12 -> 76.5 | DU12: =AVERAGE(BA12:BB12) -> 79 | DV12: =DU12 -> 79 | DW12: =AVERAGE(BC12:BD12) -> 83.5 | DX12: =DW12 -> 83.5 | DY12: =AVERAGE(BQ12:BS12) -> 76.888889 | DZ12: =BT12 -> 79 | EA12: =CL12 -> 70 | EB12: =(DY12*4+DZ12*3+EA12*3)/10 -> 75.455556 | EC12: =AVERAGE(BU12:BW12) -> 78.666667 | ED12: =BX12 -> 79 | EE12: =CK12 -> 70 | EF12: =(EC12*4+ED12*3+EE12*3)/10 -> 76.166667 | EG12: =BY12 -> 77 | EH12: =AVERAGE(BZ12:CB12) -> 71.333333 | EI12: =CC12 -> 75 | EJ12: =CJ12 -> 75 | EK12: =(EH12*4+EI12*3+EJ12*3)/10 -> 73.533333 | EL12: =CP12 -> 80.54 | EM12: =CT12 -> 81.6 | EN12: =CX12 -> 73.46 | EO12: =CZ12 -> 79.5 | EP12: =DB12 -> 80.5 | EQ12: =DD12 -> 88.5 | ER12: =DF12 -> 74 | ES12: =DJ12 -> 76.1 | ET12: =DN12 -> 74.84 | EU12: =DR12 -> 78.12 | EV12: =DT12 -> 76.5 | EW12: =DV12 -> 79 | EX12: =DX12 -> 83.5 | EY12: =EB12 -> 75.455556 | EZ12: =EF12 -> 76.166667 | FA12: =EG12 -> 77 | FB12: =EK12 -> 73.533333 | FC12: =AVERAGE(EL12:FB12) -> 78.136209
A13: 9 | B13: 0079248453 | C13: KAREEM ABDUL RAHMAN AL AYYUBI | D13: 12 TKR 1 | E13: 85 | F13: 84 | G13: 91 | H13: 82 | I13: 89 | J13: 95 | K13: 74 | L13: 81 | M13: 90 | N13: 86 | O13: 90 | P13: 95 | Q13: 80 | R13: 84 | S13: 80 | T13: 88 | U13: 84 | V13: 89 | W13: 83 | X13: 85 | Y13: 84 | Z13: 85 | AA13: 80 | AB13: 82 | AC13: 85 | AD13: 87 | AE13: 93 | AF13: 84 | AG13: 75 | AH13: 77 | AI13: 71 | AJ13: 80 | AK13: 80 | AL13: 89 | AM13: 77 | AN13: 79 | AO13: 80 | AP13: 80 | AQ13: 80 | AR13: 95 | AS13: 79 | AT13: 80 | AU13: 80 | AV13: 81 | AW13: 80 | AX13: 95 | AY13: 78 | AZ13: 80 | BA13: 86 | BB13: 83 | BC13: 83 | BD13: 86 | BE13: 85 | BF13: 81 | BG13: 83 | BH13: 95 | BI13: 85 | BJ13: 86 | BK13: 82 | BL13: 95 | BM13: 84 | BN13: 81 | BO13: 84 | BP13: 95 | BQ13: =AVERAGE(BE13,BI13,BM13) -> 84.666667 | BR13: =AVERAGE(BF13,BJ13,BN13) -> 82.666667 | BS13: =AVERAGE(BG13,BK13,BO13) -> 83 | BT13: =AVERAGE(BH13,BL13,BP13) -> 95 | BU13: 82 | BV13: 83 | BW13: 80 | BX13: 95 | BY13: 94 | BZ13: 72 | CA13: 78 | CB13: 75 | CC13: 95 | CD13: 87 | CE13: 95 | CF13: 80 | CG13: 70 | CH13: 81 | CI13: 80 | CJ13: 85 | CK13: 81 | CL13: 82 | CM13: =AVERAGE(E13:I13) -> 86.2 | CN13: =J13 -> 95 | CO13: =CD13 -> 87 | CP13: =(CM13*4+CN13*3+CO13*3)/10 -> 89.08 | CQ13: =AVERAGE(K13:O13) -> 84.2 | CR13: =P13 -> 95 | CS13: =CE13 -> 95 | CT13: =(CQ13*4+CR13*3+CS13*3)/10 -> 90.68 | CU13: =AVERAGE(Q13:U13) -> 83.2 | CV13: =V13 -> 89 | CW13: =CF13 -> 80 | CX13: =(CU13*4+CV13*3+CW13*3)/10 -> 83.98 | CY13: =AVERAGE(W13:Z13) -> 84.25 | CZ13: =CY13 -> 84.25 | DA13: =AVERAGE(AA13:AD13) -> 83.5 | DB13: =DA13 -> 83.5 | DC13: =AVERAGE(AE13:AF13) -> 88.5 | DD13: =DC13 -> 88.5 | DE13: =AVERAGE(AG13:AJ13) -> 75.75 | DF13: =DE13 -> 75.75 | DG13: =AK13 -> 80 | DH13: =AL13 -> 89 | DI13: =CG13 -> 70 | DJ13: =(DG13*4+DH13*3+DI13*3)/10 -> 79.7 | DK13: =AVERAGE(AM13:AQ13) -> 79.2 | DL13: =AR13 -> 95 | DM13: =CH13 -> 81 | DN13: =(DK13*4+DL13*3+DM13*3)/10 -> 84.48 | DO13: =AVERAGE(AS13:AW13) -> 80 | DP13: =AX13 -> 95 | DQ13: =CI13 -> 80 | DR13: =(DO13*4+DP13*3+DQ13*3)/10 -> 84.5 | DS13: =AVERAGE(AY13:AZ13) -> 79 | DT13: =DS13 -> 79 | DU13: =AVERAGE(BA13:BB13) -> 84.5 | DV13: =DU13 -> 84.5 | DW13: =AVERAGE(BC13:BD13) -> 84.5 | DX13: =DW13 -> 84.5 | DY13: =AVERAGE(BQ13:BS13) -> 83.444444 | DZ13: =BT13 -> 95 | EA13: =CL13 -> 82 | EB13: =(DY13*4+DZ13*3+EA13*3)/10 -> 86.477778 | EC13: =AVERAGE(BU13:BW13) -> 81.666667 | ED13: =BX13 -> 95 | EE13: =CK13 -> 81 | EF13: =(EC13*4+ED13*3+EE13*3)/10 -> 85.466667 | EG13: =BY13 -> 94 | EH13: =AVERAGE(BZ13:CB13) -> 75 | EI13: =CC13 -> 95 | EJ13: =CJ13 -> 85 | EK13: =(EH13*4+EI13*3+EJ13*3)/10 -> 84 | EL13: =CP13 -> 89.08 | EM13: =CT13 -> 90.68 | EN13: =CX13 -> 83.98 | EO13: =CZ13 -> 84.25 | EP13: =DB13 -> 83.5 | EQ13: =DD13 -> 88.5 | ER13: =DF13 -> 75.75 | ES13: =DJ13 -> 79.7 | ET13: =DN13 -> 84.48 | EU13: =DR13 -> 84.5 | EV13: =DT13 -> 79 | EW13: =DV13 -> 84.5 | EX13: =DX13 -> 84.5 | EY13: =EB13 -> 86.477778 | EZ13: =EF13 -> 85.466667 | FA13: =EG13 -> 94 | FB13: =EK13 -> 84 | FC13: =AVERAGE(EL13:FB13) -> 84.844967
A14: 10 | B14: 0067297552 | C14: M. FASYAH LUKMAN | D14: 12 TKR 1 | E14: 88 | F14: 89 | G14: 90 | H14: 82 | I14: 90 | J14: 87 | K14: 75 | L14: 80 | M14: 95 | N14: 89 | O14: 91 | P14: 85 | Q14: 80 | R14: 82 | S14: 75 | T14: 88 | U14: 75 | V14: 83 | W14: 83 | X14: 83 | Y14: 83 | Z14: 86 | AA14: 82 | AB14: 80 | AC14: 82 | AD14: 85 | AE14: 95 | AF14: 85 | AG14: 84 | AH14: 73 | AI14: 73 | AJ14: 82 | AK14: 83 | AL14: 83 | AM14: 73 | AN14: 74 | AO14: 73 | AP14: 78 | AQ14: 80 | AR14: 85 | AS14: 78 | AT14: 77 | AU14: 80 | AV14: 78 | AW14: 83 | AX14: 85 | AY14: 74 | AZ14: 78 | BA14: 81 | BB14: 82 | BC14: 81 | BD14: 82 | BE14: 85 | BF14: 80 | BG14: 82 | BH14: 80 | BI14: 83 | BJ14: 88 | BK14: 76 | BL14: 80 | BM14: 82 | BN14: 79 | BO14: 77 | BP14: 80 | BQ14: =AVERAGE(BE14,BI14,BM14) -> 83.333333 | BR14: =AVERAGE(BF14,BJ14,BN14) -> 82.333333 | BS14: =AVERAGE(BG14,BK14,BO14) -> 78.333333 | BT14: =AVERAGE(BH14,BL14,BP14) -> 80 | BU14: 81 | BV14: 82 | BW14: 83 | BX14: 80 | BY14: 84 | BZ14: 76 | CA14: 83 | CB14: 78 | CC14: 85 | CD14: 90 | CE14: 90 | CF14: 82 | CG14: 97 | CH14: 80 | CI14: 83 | CJ14: 77 | CK14: 80 | CL14: 85 | CM14: =AVERAGE(E14:I14) -> 87.8 | CN14: =J14 -> 87 | CO14: =CD14 -> 90 | CP14: =(CM14*4+CN14*3+CO14*3)/10 -> 88.22 | CQ14: =AVERAGE(K14:O14) -> 86 | CR14: =P14 -> 85 | CS14: =CE14 -> 90 | CT14: =(CQ14*4+CR14*3+CS14*3)/10 -> 86.9 | CU14: =AVERAGE(Q14:U14) -> 80 | CV14: =V14 -> 83 | CW14: =CF14 -> 82 | CX14: =(CU14*4+CV14*3+CW14*3)/10 -> 81.5 | CY14: =AVERAGE(W14:Z14) -> 83.75 | CZ14: =CY14 -> 83.75 | DA14: =AVERAGE(AA14:AD14) -> 82.25 | DB14: =DA14 -> 82.25 | DC14: =AVERAGE(AE14:AF14) -> 90 | DD14: =DC14 -> 90 | DE14: =AVERAGE(AG14:AJ14) -> 78 | DF14: =DE14 -> 78 | DG14: =AK14 -> 83 | DH14: =AL14 -> 83 | DI14: =CG14 -> 97 | DJ14: =(DG14*4+DH14*3+DI14*3)/10 -> 87.2 | DK14: =AVERAGE(AM14:AQ14) -> 75.6 | DL14: =AR14 -> 85 | DM14: =CH14 -> 80 | DN14: =(DK14*4+DL14*3+DM14*3)/10 -> 79.74 | DO14: =AVERAGE(AS14:AW14) -> 79.2 | DP14: =AX14 -> 85 | DQ14: =CI14 -> 83 | DR14: =(DO14*4+DP14*3+DQ14*3)/10 -> 82.08 | DS14: =AVERAGE(AY14:AZ14) -> 76 | DT14: =DS14 -> 76 | DU14: =AVERAGE(BA14:BB14) -> 81.5 | DV14: =DU14 -> 81.5 | DW14: =AVERAGE(BC14:BD14) -> 81.5 | DX14: =DW14 -> 81.5 | DY14: =AVERAGE(BQ14:BS14) -> 81.333333 | DZ14: =BT14 -> 80 | EA14: =CL14 -> 85 | EB14: =(DY14*4+DZ14*3+EA14*3)/10 -> 82.033333 | EC14: =AVERAGE(BU14:BW14) -> 82 | ED14: =BX14 -> 80 | EE14: =CK14 -> 80 | EF14: =(EC14*4+ED14*3+EE14*3)/10 -> 80.8 | EG14: =BY14 -> 84 | EH14: =AVERAGE(BZ14:CB14) -> 79 | EI14: =CC14 -> 85 | EJ14: =CJ14 -> 77 | EK14: =(EH14*4+EI14*3+EJ14*3)/10 -> 80.2 | EL14: =CP14 -> 88.22 | EM14: =CT14 -> 86.9 | EN14: =CX14 -> 81.5 | EO14: =CZ14 -> 83.75 | EP14: =DB14 -> 82.25 | EQ14: =DD14 -> 90 | ER14: =DF14 -> 78 | ES14: =DJ14 -> 87.2 | ET14: =DN14 -> 79.74 | EU14: =DR14 -> 82.08 | EV14: =DT14 -> 76 | EW14: =DV14 -> 81.5 | EX14: =DX14 -> 81.5 | EY14: =EB14 -> 82.033333 | EZ14: =EF14 -> 80.8 | FA14: =EG14 -> 84 | FB14: =EK14 -> 80.2 | FC14: =AVERAGE(EL14:FB14) -> 82.686667
A15: 11 | B15: 0063698062 | C15: M.RIZKY HARDIANSYAH | D15: 12 TKR 1 | E15: 85 | F15: 86 | G15: 90 | H15: 85 | I15: 90 | J15: 79 | K15: 82 | L15: 79 | M15: 77 | N15: 82 | O15: 88 | P15: 78 | Q15: 80 | R15: 86 | S15: 79 | T15: 82 | U15: 70 | V15: 76 | W15: 82 | X15: 83 | Y15: 83 | Z15: 85 | AA15: 81 | AB15: 80 | AC15: 82 | AD15: 84 | AE15: 94 | AF15: 85 | AG15: 75 | AH15: 73 | AI15: 71 | AJ15: 80 | AK15: 80 | AL15: 76 | AM15: 74 | AN15: 75 | AO15: 80 | AP15: 79 | AQ15: 80 | AR15: 77 | AS15: 79 | AT15: 77 | AU15: 73 | AV15: 74 | AW15: 75 | AX15: 77 | AY15: 78 | AZ15: 78 | BA15: 78 | BB15: 79 | BC15: 80 | BD15: 80 | BE15: 81 | BF15: 79 | BG15: 75 | BH15: 79 | BI15: 70 | BJ15: 90 | BK15: 88 | BL15: 79 | BM15: 77 | BN15: 75 | BO15: 85 | BP15: 79 | BQ15: =AVERAGE(BE15,BI15,BM15) -> 76 | BR15: =AVERAGE(BF15,BJ15,BN15) -> 81.333333 | BS15: =AVERAGE(BG15,BK15,BO15) -> 82.666667 | BT15: =AVERAGE(BH15,BL15,BP15) -> 79 | BU15: 80 | BV15: 82 | BW15: 80 | BX15: 79 | BY15: 78 | BZ15: 72 | CA15: 92 | CB15: 75 | CC15: 77 | CD15: 88 | CE15: 80 | CF15: 75 | CG15: 95 | CH15: 79 | CI15: 80 | CJ15: 78 | CK15: 82 | CL15: 92 | CM15: =AVERAGE(E15:I15) -> 87.2 | CN15: =J15 -> 79 | CO15: =CD15 -> 88 | CP15: =(CM15*4+CN15*3+CO15*3)/10 -> 84.98 | CQ15: =AVERAGE(K15:O15) -> 81.6 | CR15: =P15 -> 78 | CS15: =CE15 -> 80 | CT15: =(CQ15*4+CR15*3+CS15*3)/10 -> 80.04 | CU15: =AVERAGE(Q15:U15) -> 79.4 | CV15: =V15 -> 76 | CW15: =CF15 -> 75 | CX15: =(CU15*4+CV15*3+CW15*3)/10 -> 77.06 | CY15: =AVERAGE(W15:Z15) -> 83.25 | CZ15: =CY15 -> 83.25 | DA15: =AVERAGE(AA15:AD15) -> 81.75 | DB15: =DA15 -> 81.75 | DC15: =AVERAGE(AE15:AF15) -> 89.5 | DD15: =DC15 -> 89.5 | DE15: =AVERAGE(AG15:AJ15) -> 74.75 | DF15: =DE15 -> 74.75 | DG15: =AK15 -> 80 | DH15: =AL15 -> 76 | DI15: =CG15 -> 95 | DJ15: =(DG15*4+DH15*3+DI15*3)/10 -> 83.3 | DK15: =AVERAGE(AM15:AQ15) -> 77.6 | DL15: =AR15 -> 77 | DM15: =CH15 -> 79 | DN15: =(DK15*4+DL15*3+DM15*3)/10 -> 77.84 | DO15: =AVERAGE(AS15:AW15) -> 75.6 | DP15: =AX15 -> 77 | DQ15: =CI15 -> 80 | DR15: =(DO15*4+DP15*3+DQ15*3)/10 -> 77.34 | DS15: =AVERAGE(AY15:AZ15) -> 78 | DT15: =DS15 -> 78 | DU15: =AVERAGE(BA15:BB15) -> 78.5 | DV15: =DU15 -> 78.5 | DW15: =AVERAGE(BC15:BD15) -> 80 | DX15: =DW15 -> 80 | DY15: =AVERAGE(BQ15:BS15) -> 80 | DZ15: =BT15 -> 79 | EA15: =CL15 -> 92 | EB15: =(DY15*4+DZ15*3+EA15*3)/10 -> 83.3 | EC15: =AVERAGE(BU15:BW15) -> 80.666667 | ED15: =BX15 -> 79 | EE15: =CK15 -> 82 | EF15: =(EC15*4+ED15*3+EE15*3)/10 -> 80.566667 | EG15: =BY15 -> 78 | EH15: =AVERAGE(BZ15:CB15) -> 79.666667 | EI15: =CC15 -> 77 | EJ15: =CJ15 -> 78 | EK15: =(EH15*4+EI15*3+EJ15*3)/10 -> 78.366667 | EL15: =CP15 -> 84.98 | EM15: =CT15 -> 80.04 | EN15: =CX15 -> 77.06 | EO15: =CZ15 -> 83.25 | EP15: =DB15 -> 81.75 | EQ15: =DD15 -> 89.5 | ER15: =DF15 -> 74.75 | ES15: =DJ15 -> 83.3 | ET15: =DN15 -> 77.84 | EU15: =DR15 -> 77.34 | EV15: =DT15 -> 78 | EW15: =DV15 -> 78.5 | EX15: =DX15 -> 80 | EY15: =EB15 -> 83.3 | EZ15: =EF15 -> 80.566667 | FA15: =EG15 -> 78 | FB15: =EK15 -> 78.366667 | FC15: =AVERAGE(EL15:FB15) -> 80.384902
A16: 12 | B16: 3069053002 | C16: M. SANJAYA | D16: 12 TKR 1 | E16: 88 | F16: 87 | G16: 90 | H16: 85 | I16: 91 | J16: 78 | K16: 75 | L16: 81 | M16: 89 | N16: 89 | O16: 92 | P16: 78 | Q16: 80 | R16: 87 | S16: 84 | T16: 86 | U16: 81 | V16: 77 | W16: 86 | X16: 86 | Y16: 86 | Z16: 87 | AA16: 80 | AB16: 83 | AC16: 85 | AD16: 86 | AE16: 97 | AF16: 86 | AG16: 82 | AH16: 81 | AI16: 72 | AJ16: 83 | AK16: 83 | AL16: 77 | AM16: 79 | AN16: 79 | AO16: 83 | AP16: 82 | AQ16: 82 | AR16: 77 | AS16: 77 | AT16: 80 | AU16: 80 | AV16: 80 | AW16: 80 | AX16: 77 | AY16: 79 | AZ16: 83 | BA16: 84 | BB16: 82 | BC16: 80 | BD16: 85 | BE16: 83 | BF16: 79 | BG16: 77 | BH16: 77 | BI16: 84 | BJ16: 87 | BK16: 87 | BL16: 77 | BM16: 79 | BN16: 76 | BO16: 87 | BP16: 77 | BQ16: =AVERAGE(BE16,BI16,BM16) -> 82 | BR16: =AVERAGE(BF16,BJ16,BN16) -> 80.666667 | BS16: =AVERAGE(BG16,BK16,BO16) -> 83.666667 | BT16: =AVERAGE(BH16,BL16,BP16) -> 77 | BU16: 81 | BV16: 82 | BW16: 83 | BX16: 77 | BY16: 77 | BZ16: 71 | CA16: 85 | CB16: 76 | CC16: 77 | CD16: 90 | CE16: 80 | CF16: 80 | CG16: 80 | CH16: 83 | CI16: 80 | CJ16: 79 | CK16: 85 | CL16: 82 | CM16: =AVERAGE(E16:I16) -> 88.2 | CN16: =J16 -> 78 | CO16: =CD16 -> 90 | CP16: =(CM16*4+CN16*3+CO16*3)/10 -> 85.68 | CQ16: =AVERAGE(K16:O16) -> 85.2 | CR16: =P16 -> 78 | CS16: =CE16 -> 80 | CT16: =(CQ16*4+CR16*3+CS16*3)/10 -> 81.48 | CU16: =AVERAGE(Q16:U16) -> 83.6 | CV16: =V16 -> 77 | CW16: =CF16 -> 80 | CX16: =(CU16*4+CV16*3+CW16*3)/10 -> 80.54 | CY16: =AVERAGE(W16:Z16) -> 86.25 | CZ16: =CY16 -> 86.25 | DA16: =AVERAGE(AA16:AD16) -> 83.5 | DB16: =DA16 -> 83.5 | DC16: =AVERAGE(AE16:AF16) -> 91.5 | DD16: =DC16 -> 91.5 | DE16: =AVERAGE(AG16:AJ16) -> 79.5 | DF16: =DE16 -> 79.5 | DG16: =AK16 -> 83 | DH16: =AL16 -> 77 | DI16: =CG16 -> 80 | DJ16: =(DG16*4+DH16*3+DI16*3)/10 -> 80.3 | DK16: =AVERAGE(AM16:AQ16) -> 81 | DL16: =AR16 -> 77 | DM16: =CH16 -> 83 | DN16: =(DK16*4+DL16*3+DM16*3)/10 -> 80.4 | DO16: =AVERAGE(AS16:AW16) -> 79.4 | DP16: =AX16 -> 77 | DQ16: =CI16 -> 80 | DR16: =(DO16*4+DP16*3+DQ16*3)/10 -> 78.86 | DS16: =AVERAGE(AY16:AZ16) -> 81 | DT16: =DS16 -> 81 | DU16: =AVERAGE(BA16:BB16) -> 83 | DV16: =DU16 -> 83 | DW16: =AVERAGE(BC16:BD16) -> 82.5 | DX16: =DW16 -> 82.5 | DY16: =AVERAGE(BQ16:BS16) -> 82.111111 | DZ16: =BT16 -> 77 | EA16: =CL16 -> 82 | EB16: =(DY16*4+DZ16*3+EA16*3)/10 -> 80.544444 | EC16: =AVERAGE(BU16:BW16) -> 82 | ED16: =BX16 -> 77 | EE16: =CK16 -> 85 | EF16: =(EC16*4+ED16*3+EE16*3)/10 -> 81.4 | EG16: =BY16 -> 77 | EH16: =AVERAGE(BZ16:CB16) -> 77.333333 | EI16: =CC16 -> 77 | EJ16: =CJ16 -> 79 | EK16: =(EH16*4+EI16*3+EJ16*3)/10 -> 77.733333 | EL16: =CP16 -> 85.68 | EM16: =CT16 -> 81.48 | EN16: =CX16 -> 80.54 | EO16: =CZ16 -> 86.25 | EP16: =DB16 -> 83.5 | EQ16: =DD16 -> 91.5 | ER16: =DF16 -> 79.5 | ES16: =DJ16 -> 80.3 | ET16: =DN16 -> 80.4 | EU16: =DR16 -> 78.86 | EV16: =DT16 -> 81 | EW16: =DV16 -> 83 | EX16: =DX16 -> 82.5 | EY16: =EB16 -> 80.544444 | EZ16: =EF16 -> 81.4 | FA16: =EG16 -> 77 | FB16: =EK16 -> 77.733333 | FC16: =AVERAGE(EL16:FB16) -> 81.834575
... A43: 39 | B43: 0078032496 | C43: SAFEI MALIK | D43: 12 TKR 2 | E43: 89 | F43: 89 | G43: 89 | H43: 83 | I43: 87 | J43: 95 | K43: 72 | L43: 77 | M43: 87 | N43: 93 | O43: 94 | P43: 90 | Q43: 84 | R43: 81 | S43: 84 | T43: 85 | U43: 80 | V43: 86 | W43: 84 | X43: 84 | Y43: 84 | Z43: 83 | AA43: 73 | AB43: 79 | AC43: 83 | AD43: 84 | AE43: 93 | AF43: 81 | AG43: 76 | AH43: 70 | AI43: 71 | AJ43: 80 | AK43: 85 | AL43: 86 | AM43: 76 | AN43: 77 | AO43: 81 | AP43: 84 | AQ43: 84 | AR43: 90 | AS43: 75 | AT43: 75 | AU43: 78 | AV43: 79 | AW43: 77 | AX43: 90 | AY43: 77 | AZ43: 79 | BA43: 77 | BB43: 81 | BC43: 80 | BD43: 80 | BE43: 83 | BF43: 80 | BG43: 80 | BH43: 90 | BI43: 88 | BJ43: 91 | BK43: 86 | BL43: 90 | BM43: 81 | BN43: 79 | BO43: 85 | BP43: 90 | BQ43: =AVERAGE(BE43,BI43,BM43) -> 84 | BR43: =AVERAGE(BF43,BJ43,BN43) -> 83.333333 | BS43: =AVERAGE(BG43,BK43,BO43) -> 83.666667 | BT43: =AVERAGE(BH43,BL43,BP43) -> 90 | BU43: 77 | BV43: 82 | BW43: 85 | BX43: 90 | BY43: 90 | BZ43: 70 | CA43: 85 | CB43: 77 | CC43: 90 | CD43: 86 | CE43: 90 | CF43: 82 | CG43: 87 | CH43: 84 | CI43: 80 | CJ43: 79 | CK43: 82 | CL43: 90 | CM43: =AVERAGE(E43:I43) -> 87.4 | CN43: =J43 -> 95 | CO43: =CD43 -> 86 | CP43: =(CM43*4+CN43*3+CO43*3)/10 -> 89.26 | CQ43: =AVERAGE(K43:O43) -> 84.6 | CR43: =P43 -> 90 | CS43: =CE43 -> 90 | CT43: =(CQ43*4+CR43*3+CS43*3)/10 -> 87.84 | CU43: =AVERAGE(Q43:U43) -> 82.8 | CV43: =V43 -> 86 | CW43: =CF43 -> 82 | CX43: =(CU43*4+CV43*3+CW43*3)/10 -> 83.52 | CY43: =AVERAGE(W43:Z43) -> 83.75 | CZ43: =CY43 -> 83.75 | DA43: =AVERAGE(AA43:AD43) -> 79.75 | DB43: =DA43 -> 79.75 | DC43: =AVERAGE(AE43:AF43) -> 87 | DD43: =DC43 -> 87 | DE43: =AVERAGE(AG43:AJ43) -> 74.25 | DF43: =DE43 -> 74.25 | DG43: =AK43 -> 85 | DH43: =AL43 -> 86 | DI43: =CG43 -> 87 | DJ43: =(DG43*4+DH43*3+DI43*3)/10 -> 85.9 | DK43: =AVERAGE(AM43:AQ43) -> 80.4 | DL43: =AR43 -> 90 | DM43: =CH43 -> 84 | DN43: =(DK43*4+DL43*3+DM43*3)/10 -> 84.36 | DO43: =AVERAGE(AS43:AW43) -> 76.8 | DP43: =AX43 -> 90 | DQ43: =CI43 -> 80 | DR43: =(DO43*4+DP43*3+DQ43*3)/10 -> 81.72 | DS43: =AVERAGE(AY43:AZ43) -> 78 | DT43: =DS43 -> 78 | DU43: =AVERAGE(BA43:BB43) -> 79 | DV43: =DU43 -> 79 | DW43: =AVERAGE(BC43:BD43) -> 80 | DX43: =DW43 -> 80 | DY43: =AVERAGE(BQ43:BS43) -> 83.666667 | DZ43: =BT43 -> 90 | EA43: =CL43 -> 90 | EB43: =(DY43*4+DZ43*3+EA43*3)/10 -> 87.466667 | EC43: =AVERAGE(BU43:BW43) -> 81.333333 | ED43: =BX43 -> 90 | EE43: =CK43 -> 82 | EF43: =(EC43*4+ED43*3+EE43*3)/10 -> 84.133333 | EG43: =BY43 -> 90 | EH43: =AVERAGE(BZ43:CB43) -> 77.333333 | EI43: =CC43 -> 90 | EJ43: =CJ43 -> 79 | EK43: =(EH43*4+EI43*3+EJ43*3)/10 -> 81.633333 | EL43: =CP43 -> 89.26 | EM43: =CT43 -> 87.84 | EN43: =CX43 -> 83.52 | EO43: =CZ43 -> 83.75 | EP43: =DB43 -> 79.75 | EQ43: =DD43 -> 87 | ER43: =DF43 -> 74.25 | ES43: =DJ43 -> 85.9 | ET43: =DN43 -> 84.36 | EU43: =DR43 -> 81.72 | EV43: =DT43 -> 78 | EW43: =DV43 -> 79 | EX43: =DX43 -> 80 | EY43: =EB43 -> 87.466667 | EZ43: =EF43 -> 84.133333 | FA43: =EG43 -> 90 | FB43: =EK43 -> 81.633333 | FC43: =AVERAGE(EL43:FB43) -> 83.387255

Sheet 12 TKR
A1: PENGOLAHAN NILAI UJIAN SATUAN PENDIDIKAN
A2: TAHUN PELAJARAN 2024 / 2025
A4: NAMA SEKOLAH | D4: : SMKS TINTA EMAS INDONESIA
A5: ALAMAT | D5: : JL. ASEM RAYA NO.1 KP. CIKETING KEL./KEC. MUSTIKA JAYA KOTA BEKASI 17158
A8: NOMOR | B8: NIS | C8: NAMA SISWA | E8: MATA PELAJARAN UMUM | K8: MUATAN LOKAL | M8: MATA PELAJARAN KEJURUAN | V8: NILAI RATA-RATA
D9: JENIS NILAI | E9: Pend. Agama dan Budi Pekerti | F9: PendIdikan Pancasila | G9: Bahasa Indonesia | H9: Pendidikan Jasmani, Olah Raga dan Kesehatan | I9: Sejarah | J9: Seni Budaya | K9: Bahasa Sunda | L9: Publik Speaking | M9: Matematika | N9: Bahasa Inggris | O9: Informatika | P9: IPAS | Q9: Dasar-Dasar Program Keahlian | R9: Konsentrasi Keahlian | S9: Projek Kreatif dan Kewirausahaan | T9: Praktek Kerja Lapangan | U9: Mata Pelajaran Pilihan (Bahasa Jepang)
AB10: 49
AB11: 12
A12: 1 | B12: 222310015 | C12: ACHMAD ALDILAH | D12: SMT 1 | E12: =tkr!$E$5 -> 91 | F12: =tkr!$K$5 -> 74 | G12: =tkr!$Q$5 -> 85 | H12: =tkr!$W$5 -> 82 | I12: =tkr!$AA$5 -> 83 | J12: =tkr!$AE$5 -> 94 | K12: =tkr!$AG$5 -> 84 | M12: =tkr!$AM$5 -> 74 | N12: =tkr!$AS$5 -> 82 | O12: =tkr!$AY$5 -> 75 | P12: =tkr!$BA$5 -> 88 | Q12: =tkr!$BC$5 -> 82 | X12: 5 | AB12: 44
D13: SMT 2 | E13: =tkr!$F$5 -> 89 | F13: =tkr!$L$5 -> 82 | G13: =tkr!$R$5 -> 89 | H13: =tkr!$X$5 -> 84 | I13: =tkr!$AB$5 -> 85 | J13: =tkr!$AF$5 -> 85 | K13: =tkr!$AH$5 -> 76 | M13: =tkr!$AN$5 -> 75 | N13: =tkr!$AT$5 -> 85 | O13: =tkr!$AZ$5 -> 79 | P13: =tkr!$BB$5 -> 88 | Q13: =tkr!$BD$5 -> 85 | X13: 5 | AB13: 34
D14: SMT 3 | E14: =tkr!$G$5 -> 91 | F14: =tkr!$M$5 -> 95 | G14: =tkr!$S$5 -> 83 | H14: =tkr!$Y$5 -> 84 | I14: =tkr!$AC$5 -> 85 | K14: =tkr!$AI$5 -> 78 | M14: =tkr!$AO$5 -> 75 | N14: =tkr!$AU$5 -> 83 | R14: =tkr!$BQ$5 -> 84.666667 | S14: =tkr!$BU$5 -> 81 | U14: =tkr!$BZ$5 -> 70 | X14: 5 | AB14: 33
D15: SMT 4 | E15: =tkr!$H$5 -> 85 | F15: =tkr!$N$5 -> 89 | G15: =tkr!$T$5 -> 86 | H15: =tkr!$Z$5 -> 85 | I15: =tkr!$AD$5 -> 86 | K15: =tkr!$AJ$5 -> 83 | M15: =tkr!$AP$5 -> 82 | N15: =tkr!$AV$5 -> 86 | R15: =tkr!$BR$5 -> 83 | S15: =tkr!$BV$5 -> 82 | U15: =tkr!$CA$5 -> 82 | X15: 5 | AB15: 42
D16: SMT 5 | E16: =tkr!$I$5 -> 91 | F16: =tkr!$O$5 -> 93 | G16: =tkr!$U$5 -> 83 | L16: =tkr!$AK$5 -> 86 | M16: =tkr!$AQ$5 -> 80 | N16: =tkr!$AW$5 -> 86 | R16: =tkr!$BS$5 -> 85.666667 | S16: =tkr!$BW$5 -> 86 | U16: =tkr!$CB$5 -> 83 | X16: 5 | AB16: 43
D17: PORTOPOLIO | E17: =AVERAGE(E12:E16) -> 89.4 | F17: =AVERAGE(F12:F16) -> 86.6 | G17: =AVERAGE(G12:G16) -> 85.2 | L17: =AVERAGE(L12:L16) -> 86 | M17: =AVERAGE(M12:M16) -> 77.2 | N17: =AVERAGE(N12:N16) -> 84.4 | R17: =AVERAGE(R14:R16) -> 84.444444 | S17: =AVERAGE(S14:S16) -> 83 | U17: =AVERAGE(U12:U16) -> 78.333333 | X17: 5 | AB17: 29
D18: PENUGASAN | E18: =tkr!$J$5 -> 90 | F18: =tkr!$P$5 -> 90 | G18: =tkr!$V$5 -> 84 | L18: =tkr!$AL$5 -> 84 | M18: =tkr!$AR$5 -> 89 | N18: =tkr!$AX$5 -> 89 | R18: =tkr!$BT$5 -> 90 | S18: =tkr!$BX$5 -> 90 | T18: =tkr!$BY$5 -> 89 | U18: =tkr!$CC$5 -> 89 | X18: 5 | AB18: 58
D19: Nilai US | E19: =tkr!$CD$5 -> 90 | F19: =tkr!$CE$5 -> 95 | G19: =tkr!$CF$5 -> 88 | L19: =tkr!$CG$5 -> 97 | M19: =tkr!$CH$5 -> 81 | N19: =tkr!$CI$5 -> 88 | R19: =tkr!$CL$5 -> 75 | S19: =tkr!$CK$5 -> 85.9 | U19: =tkr!$CJ$5 -> 87 | X19: 5 | AB19: 34
D20: Nilai Akhir | E20: =(E17*4+E18*3+E19*3)/10 -> 89.76 | F20: =(F17*4+F18*3+F19*3)/10 -> 90.14 | G20: =(G17*4+G18*3+G19*3)/10 -> 85.68 | H20: =AVERAGE(H12:H15) -> 83.75 | I20: =AVERAGE(I12:I15) -> 84.75 | J20: =AVERAGE(J12:J13) -> 89.5 | K20: =AVERAGE(K12:K15) -> 80.25 | L20: =(L17*4+L18*3+L19*3)/10 -> 88.7 | M20: =(M17*4+M18*3+M19*3)/10 -> 81.88 | N20: =(N17*4+N18*3+N19*3)/10 -> 86.86 | O20: =AVERAGE(O12:O13) -> 77 | P20: =AVERAGE(P12:P13) -> 88 | Q20: =AVERAGE(Q12:Q13) -> 83.5 | R20: =(R17*4+R18*3+R19*3)/10 -> 83.277778 | S20: =(S17*4+S18*3+S19*3)/10 -> 85.97 | T20: =T18 -> 89 | U20: =(U17*4+U18*3+U19*3)/10 -> 84.133333 | V20: =AVERAGE(E20:U20) -> 85.420654 | X20: 5 | AB20: 32
A21: 2 | B21: 222310016 | C21: AKHADI DIKA SATRIAJI | D21: SMT 1 | E21: =tkr!$E$6 -> 91 | F21: =tkr!$K$6 -> 80 | G21: =tkr!$Q$6 -> 80 | H21: =tkr!$W$6 -> 82 | I21: =tkr!$AA$6 -> 77 | J21: =tkr!$AE$6 -> 96 | K21: =tkr!$AG$6 -> 82 | M21: =tkr!$AM$6 -> 84 | N21: =tkr!$AS$6 -> 81 | O21: =tkr!$AY$6 -> 75 | P21: =tkr!$BA$6 -> 84 | Q21: =tkr!$BC$6 -> 80 | X21: 6 | AB21: 14
A22: 2 | D22: SMT 2 | E22: =tkr!$F$6 -> 79 | F22: =tkr!$L$6 -> 82 | G22: =tkr!$R$6 -> 89 | H22: =tkr!$X$6 -> 81 | I22: =tkr!$AB$6 -> 83 | J22: =tkr!$AF$6 -> 84 | K22: =tkr!$AH$6 -> 72 | M22: =tkr!$AN$6 -> 83 | N22: =tkr!$AT$6 -> 80 | O22: =tkr!$AZ$6 -> 77 | P22: =tkr!$BB$6 -> 84 | Q22: =tkr!$BD$6 -> 79 | X22: 6
A23: 2 | D23: SMT 3 | E23: =tkr!$G$6 -> 88 | F23: =tkr!$M$6 -> 80 | G23: =tkr!$S$6 -> 78 | H23: =tkr!$Y$6 -> 79 | I23: =tkr!$AC$6 -> 77 | K23: =tkr!$AI$6 -> 71 | M23: =tkr!$AO$6 -> 73 | N23: =tkr!$AU$6 -> 77 | R23: =tkr!$BQ$6 -> 76 | S23: =tkr!$BU$6 -> 78 | U23: =tkr!$BZ$6 -> 73 | X23: 6
A24: 2 | D24: SMT 4 | E24: =tkr!$H$6 -> 84 | F24: =tkr!$N$6 -> 91 | G24: =tkr!$T$6 -> 84 | H24: =tkr!$Z$6 -> 82 | I24: =tkr!$AD$6 -> 82 | K24: =tkr!$AJ$6 -> 82 | M24: =tkr!$AP$6 -> 79 | N24: =tkr!$AV$6 -> 77 | R24: =tkr!$BR$6 -> 75.333333 | S24: =tkr!$BV$6 -> 80 | U24: =tkr!$CA$6 -> 86 | X24: 6
A25: 2 | D25: SMT 5 | E25: =tkr!$I$6 -> 84 | F25: =tkr!$O$6 -> 91 | G25: =tkr!$U$6 -> 73 | L25: =tkr!$AK$6 -> 80 | M25: =tkr!$AQ$6 -> 79 | N25: =tkr!$AW$6 -> 77 | R25: =tkr!$BS$6 -> 76 | S25: =tkr!$BW$6 -> 80 | U25: =tkr!$CB$6 -> 75 | X25: 6
A26: 2 | D26: PORTOPOLIO | E26: =AVERAGE(E21:E25) -> 85.2 | F26: =AVERAGE(F21:F25) -> 84.8 | G26: =AVERAGE(G21:G25) -> 80.8 | L26: =AVERAGE(L21:L25) -> 80 | M26: =AVERAGE(M21:M25) -> 79.6 | N26: =AVERAGE(N21:N25) -> 78.4 | R26: =AVERAGE(R23:R25) -> 75.777778 | S26: =AVERAGE(S23:S25) -> 79.333333 | U26: =AVERAGE(U21:U25) -> 78 | X26: 6
A27: 2 | D27: PENUGASAN | E27: =tkr!$J$6 -> 75 | F27: =tkr!$P$6 -> 75 | G27: =tkr!$V$6 -> 76 | L27: =tkr!$AL$6 -> 76 | M27: =tkr!$AR$6 -> 79 | N27: =tkr!$AX$6 -> 79 | R27: =tkr!$BT$6 -> 77 | S27: =tkr!$BX$6 -> 77 | T27: =tkr!$BY$6 -> 76 | U27: =tkr!$CC$6 -> 79 | X27: 6
A28: 2 | D28: Nilai US | E28: =tkr!$CD$6 -> 88 | F28: =tkr!$CE$6 -> 93 | G28: =tkr!$CF$6 -> 85 | L28: =tkr!$CG$6 -> 97 | M28: =tkr!$CH$6 -> 80 | N28: =tkr!$CI$6 -> 85 | R28: =tkr!$CL$6 -> 97 | S28: =tkr!$CK$6 -> 75.7 | U28: =tkr!$CJ$6 -> 76 | X28: 6
A29: 2 | D29: Nilai Akhir | E29: =(E26*4+E27*3+E28*3)/10 -> 82.98 | F29: =(F26*4+F27*3+F28*3)/10 -> 84.32 | G29: =(G26*4+G27*3+G28*3)/10 -> 80.62 | H29: =AVERAGE(H21:H24) -> 81 | I29: =AVERAGE(I21:I24) -> 79.75 | J29: =AVERAGE(J21:J22) -> 90 | K29: =AVERAGE(K21:K24) -> 76.75 | L29: =(L26*4+L27*3+L28*3)/10 -> 83.9 | M29: =(M26*4+M27*3+M28*3)/10 -> 79.54 | N29: =(N26*4+N27*3+N28*3)/10 -> 80.56 | O29: =AVERAGE(O21:O22) -> 76 | P29: =AVERAGE(P21:P22) -> 84 | Q29: =AVERAGE(Q21:Q22) -> 79.5 | R29: =(R26*4+R27*3+R28*3)/10 -> 82.511111 | S29: =(S26*4+S27*3+S28*3)/10 -> 77.543333 | T29: =T27 -> 76 | U29: =(U26*4+U27*3+U28*3)/10 -> 77.7 | V29: =AVERAGE(E29:U29) -> 80.745556 | X29: 6
A30: 3 | B30: 222310017 | C30: ALIYUDIN | D30: SMT 1 | E30: =tkr!$E$7 -> 90 | F30: =tkr!$K$7 -> 86 | G30: =tkr!$Q$7 -> 88 | H30: =tkr!$W$7 -> 84 | I30: =tkr!$AA$7 -> 80 | J30: =tkr!$AE$7 -> 95 | K30: =tkr!$AG$7 -> 81 | M30: =tkr!$AM$7 -> 85 | N30: =tkr!$AS$7 -> 77 | O30: =tkr!$AY$7 -> 75 | P30: =tkr!$BA$7 -> 87 | Q30: =tkr!$BC$7 -> 81 | X30: 7
A31: 3 | D31: SMT 2 | E31: =tkr!$F$7 -> 88 | F31: =tkr!$L$7 -> 84 | G31: =tkr!$R$7 -> 86 | H31: =tkr!$X$7 -> 84 | I31: =tkr!$AB$7 -> 82 | J31: =tkr!$AF$7 -> 84 | K31: =tkr!$AH$7 -> 78 | M31: =tkr!$AN$7 -> 88 | N31: =tkr!$AT$7 -> 80 | O31: =tkr!$AZ$7 -> 78 | P31: =tkr!$BB$7 -> 90 | Q31: =tkr!$BD$7 -> 85 | X31: 7
A32: 3 | D32: SMT 3 | E32: =tkr!$G$7 -> 93 | F32: =tkr!$M$7 -> 95 | G32: =tkr!$S$7 -> 90 | H32: =tkr!$Y$7 -> 84 | I32: =tkr!$AC$7 -> 85 | K32: =tkr!$AI$7 -> 75 | M32: =tkr!$AO$7 -> 88 | N32: =tkr!$AU$7 -> 80 | R32: =tkr!$BQ$7 -> 85.666667 | S32: =tkr!$BU$7 -> 81 | U32: =tkr!$BZ$7 -> 78 | X32: 7
A33: 3 | D33: SMT 4 | E33: =tkr!$H$7 -> 89 | F33: =tkr!$N$7 -> 91 | G33: =tkr!$T$7 -> 93 | H33: =tkr!$Z$7 -> 86 | I33: =tkr!$AD$7 -> 86 | K33: =tkr!$AJ$7 -> 82 | M33: =tkr!$AP$7 -> 93 | N33: =tkr!$AV$7 -> 86 | R33: =tkr!$BR$7 -> 84.666667 | S33: =tkr!$BV$7 -> 82 | U33: =tkr!$CA$7 -> 93 | X33: 7
A34: 3 | D34: SMT 5 | E34: =tkr!$I$7 -> 91 | F34: =tkr!$O$7 -> 93 | G34: =tkr!$U$7 -> 86 | L34: =tkr!$AK$7 -> 88 | M34: =tkr!$AQ$7 -> 90 | N34: =tkr!$AW$7 -> 80 | R34: =tkr!$BS$7 -> 77.666667 | S34: =tkr!$BW$7 -> 88 | U34: =tkr!$CB$7 -> 79 | X34: 7
A35: 3 | D35: PORTOPOLIO | E35: =AVERAGE(E30:E34) -> 90.2 | F35: =AVERAGE(F30:F34) -> 89.8 | G35: =AVERAGE(G30:G34) -> 88.6 | L35: =AVERAGE(L30:L34) -> 88 | M35: =AVERAGE(M30:M34) -> 88.8 | N35: =AVERAGE(N30:N34) -> 80.6 | R35: =AVERAGE(R32:R34) -> 82.666667 | S35: =AVERAGE(S32:S34) -> 83.666667 | U35: =AVERAGE(U30:U34) -> 83.333333 | X35: 7
A36: 3 | D36: PENUGASAN | E36: =tkr!$J$7 -> 87 | F36: =tkr!$P$7 -> 85 | G36: =tkr!$V$7 -> 84 | L36: =tkr!$AL$7 -> 84 | M36: =tkr!$AR$7 -> 87 | N36: =tkr!$AX$7 -> 87 | R36: =tkr!$BT$7 -> 86 | S36: =tkr!$BX$7 -> 86 | T36: =tkr!$BY$7 -> 86 | U36: =tkr!$CC$7 -> 87 | X36: 7
A37: 3 | D37: Nilai US | E37: =tkr!$CD$7 -> 90 | F37: =tkr!$CE$7 -> 95 | G37: =tkr!$CF$7 -> 90 | L37: =tkr!$CG$7 -> 97 | M37: =tkr!$CH$7 -> 91 | N37: =tkr!$CI$7 -> 88 | R37: =tkr!$CL$7 -> 90 | S37: =tkr!$CK$7 -> 78 | U37: =tkr!$CJ$7 -> 81 | X37: 7
A38: 3 | D38: Nilai Akhir | E38: =(E35*4+E36*3+E37*3)/10 -> 89.18 | F38: =(F35*4+F36*3+F37*3)/10 -> 89.92 | G38: =(G35*4+G36*3+G37*3)/10 -> 87.64 | H38: =AVERAGE(H30:H33) -> 84.5 | I38: =AVERAGE(I30:I33) -> 83.25 | J38: =AVERAGE(J30:J31) -> 89.5 | K38: =AVERAGE(K30:K33) -> 79 | L38: =(L35*4+L36*3+L37*3)/10 -> 89.5 | M38: =(M35*4+M36*3+M37*3)/10 -> 88.92 | N38: =(N35*4+N36*3+N37*3)/10 -> 84.74 | O38: =AVERAGE(O30:O31) -> 76.5 | P38: =AVERAGE(P30:P31) -> 88.5 | Q38: =AVERAGE(Q30:Q31) -> 83 | R38: =(R35*4+R36*3+R37*3)/10 -> 85.866667 | S38: =(S35*4+S36*3+S37*3)/10 -> 82.666667 | T38: =T36 -> 86 | U38: =(U35*4+U36*3+U37*3)/10 -> 83.733333 | V38: =AVERAGE(E38:U38) -> 85.436275 | X38: 7
A39: 4 | B39: 222310018 | C39: DANU HARIADI | D39: SMT 1 | E39: =tkr!$E$8 -> 87 | F39: =tkr!$K$8 -> 80 | G39: =tkr!$Q$8 -> 80 | H39: =tkr!$W$8 -> 82 | I39: =tkr!$AA$8 -> 82 | J39: =tkr!$AE$8 -> 95 | K39: =tkr!$AG$8 -> 80 | M39: =tkr!$AM$8 -> 74 | N39: =tkr!$AS$8 -> 72 | O39: =tkr!$AY$8 -> 76 | P39: =tkr!$BA$8 -> 80 | Q39: =tkr!$BC$8 -> 80 | X39: 8
A40: 4 | D40: SMT 2 | E40: =tkr!$F$8 -> 84 | F40: =tkr!$L$8 -> 84 | G40: =tkr!$R$8 -> 70 | H40: =tkr!$X$8 -> 83 | I40: =tkr!$AB$8 -> 79 | J40: =tkr!$AF$8 -> 84 | K40: =tkr!$AH$8 -> 74 | M40: =tkr!$AN$8 -> 75 | N40: =tkr!$AT$8 -> 78 | O40: =tkr!$AZ$8 -> 78 | P40: =tkr!$BB$8 -> 82 | Q40: =tkr!$BD$8 -> 85 | X40: 8
A41: 4 | D41: SMT 3 | E41: =tkr!$G$8 -> 89 | F41: =tkr!$M$8 -> 89 | G41: =tkr!$S$8 -> 81 | H41: =tkr!$Y$8 -> 83 | I41: =tkr!$AC$8 -> 84 | K41: =tkr!$AI$8 -> 72 | M41: =tkr!$AO$8 -> 77 | N41: =tkr!$AU$8 -> 80 | R41: =tkr!$BQ$8 -> 81 | S41: =tkr!$BU$8 -> 77 | U41: =tkr!$BZ$8 -> 72 | X41: 8
A42: 4 | D42: SMT 4 | E42: =tkr!$H$8 -> 80 | F42: =tkr!$N$8 -> 90 | G42: =tkr!$T$8 -> 82 | H42: =tkr!$Z$8 -> 84 | I42: =tkr!$AD$8 -> 84 | K42: =tkr!$AJ$8 -> 80 | M42: =tkr!$AP$8 -> 79 | N42: =tkr!$AV$8 -> 77 | R42: =tkr!$BR$8 -> 76.666667 | S42: =tkr!$BV$8 -> 79 | U42: =tkr!$CA$8 -> 77 | X42: 8
A43: 4 | D43: SMT 5 | E43: =tkr!$I$8 -> 84 | F43: =tkr!$O$8 -> 93 | G43: =tkr!$U$8 -> 71 | L43: =tkr!$AK$8 -> 80 | M43: =tkr!$AQ$8 -> 74 | N43: =tkr!$AW$8 -> 80 | R43: =tkr!$BS$8 -> 84.333333 | S43: =tkr!$BW$8 -> 80 | U43: =tkr!$CB$8 -> 79 | X43: 8
A44: 4 | D44: PORTOPOLIO | E44: =AVERAGE(E39:E43) -> 84.8 | F44: =AVERAGE(F39:F43) -> 87.2 | G44: =AVERAGE(G39:G43) -> 76.8 | L44: =AVERAGE(L39:L43) -> 80 | M44: =AVERAGE(M39:M43) -> 75.8 | N44: =AVERAGE(N39:N43) -> 77.4 | R44: =AVERAGE(R41:R43) -> 80.666667 | S44: =AVERAGE(S41:S43) -> 78.666667 | U44: =AVERAGE(U39:U43) -> 76 | X44: 8
A45: 4 | D45: PENUGASAN | E45: =tkr!$J$8 -> 95 | F45: =tkr!$P$8 -> 90 | G45: =tkr!$V$8 -> 85 | L45: =tkr!$AL$8 -> 85 | M45: =tkr!$AR$8 -> 90 | N45: =tkr!$AX$8 -> 90 | R45: =tkr!$BT$8 -> 91 | S45: =tkr!$BX$8 -> 91 | T45: =tkr!$BY$8 -> 90 | U45: =tkr!$CC$8 -> 90 | X45: 8
A46: 4 | D46: Nilai US | E46: =tkr!$CD$8 -> 85 | F46: =tkr!$CE$8 -> 93 | G46: =tkr!$CF$8 -> 75 | L46: =tkr!$CG$8 -> 70 | M46: =tkr!$CH$8 -> 75 | N46: =tkr!$CI$8 -> 80 | R46: =tkr!$CL$8 -> 70 | S46: =tkr!$CK$8 -> 87.78 | U46: =tkr!$CJ$8 -> 78 | X46: 8
A47: 4 | D47: Nilai Akhir | E47: =(E44*4+E45*3+E46*3)/10 -> 87.92 | F47: =(F44*4+F45*3+F46*3)/10 -> 89.78 | G47: =(G44*4+G45*3+G46*3)/10 -> 78.72 | H47: =AVERAGE(H39:H42) -> 83 | I47: =AVERAGE(I39:I42) -> 82.25 | J47: =AVERAGE(J39:J40) -> 89.5 | K47: =AVERAGE(K39:K42) -> 76.5 | L47: =(L44*4+L45*3+L46*3)/10 -> 78.5 | M47: =(M44*4+M45*3+M46*3)/10 -> 79.82 | N47: =(N44*4+N45*3+N46*3)/10 -> 81.96 | O47: =AVERAGE(O39:O40) -> 77 | P47: =AVERAGE(P39:P40) -> 81 | Q47: =AVERAGE(Q39:Q40) -> 82.5 | R47: =(R44*4+R45*3+R46*3)/10 -> 80.566667 | S47: =(S44*4+S45*3+S46*3)/10 -> 85.100667 | T47: =T45 -> 90 | U47: =(U44*4+U45*3+U46*3)/10 -> 80.8 | V47: =AVERAGE(E47:U47) -> 82.642196 | X47: 8
A48: 5 | B48: 222310019 | C48: DIMAS PRASETYO | D48: SMT 1 | E48: =tkr!$E$9 -> 92 | F48: =tkr!$K$9 -> 85 | G48: =tkr!$Q$9 -> 80 | H48: =tkr!$W$9 -> 84 | I48: =tkr!$AA$9 -> 82 | J48: =tkr!$AE$9 -> 95 | K48: =tkr!$AG$9 -> 83 | M48: =tkr!$AM$9 -> 79 | N48: =tkr!$AS$9 -> 78 | O48: =tkr!$AY$9 -> 78 | P48: =tkr!$BA$9 -> 85 | Q48: =tkr!$BC$9 -> 80 | X48: 9
A49: 5 | D49: SMT 2 | E49: =tkr!$F$9 -> 90 | F49: =tkr!$L$9 -> 85 | G49: =tkr!$R$9 -> 88 | H49: =tkr!$X$9 -> 84 | I49: =tkr!$AB$9 -> 82 | J49: =tkr!$AF$9 -> 86 | K49: =tkr!$AH$9 -> 81 | M49: =tkr!$AN$9 -> 80 | N49: =tkr!$AT$9 -> 82 | O49: =tkr!$AZ$9 -> 79 | P49: =tkr!$BB$9 -> 90 | Q49: =tkr!$BD$9 -> 85 | X49: 9
A50: 5 | D50: SMT 3 | E50: =tkr!$G$9 -> 93 | F50: =tkr!$M$9 -> 93 | G50: =tkr!$S$9 -> 80 | H50: =tkr!$Y$9 -> 84 | I50: =tkr!$AC$9 -> 86 | K50: =tkr!$AI$9 -> 78 | M50: =tkr!$AO$9 -> 80 | N50: =tkr!$AU$9 -> 78 | R50: =tkr!$BQ$9 -> 84.666667 | S50: =tkr!$BU$9 -> 81 | U50: =tkr!$BZ$9 -> 72 | X50: 9
A51: 5 | D51: SMT 4 | E51: =tkr!$H$9 -> 88 | F51: =tkr!$N$9 -> 90 | G51: =tkr!$T$9 -> 88 | H51: =tkr!$Z$9 -> 86 | I51: =tkr!$AD$9 -> 87 | K51: =tkr!$AJ$9 -> 81 | M51: =tkr!$AP$9 -> 83 | N51: =tkr!$AV$9 -> 82 | R51: =tkr!$BR$9 -> 83 | S51: =tkr!$BV$9 -> 82 | U51: =tkr!$CA$9 -> 91 | X51: 9
A52: 5 | D52: SMT 5 | E52: =tkr!$I$9 -> 90 | F52: =tkr!$O$9 -> 93 | G52: =tkr!$U$9 -> 75 | L52: =tkr!$AK$9 -> 83 | M52: =tkr!$AQ$9 -> 82 | N52: =tkr!$AW$9 -> 80 | R52: =tkr!$BS$9 -> 78.333333 | S52: =tkr!$BW$9 -> 83 | U52: =tkr!$CB$9 -> 79 | X52: 9
A53: 5 | D53: PORTOPOLIO | E53: =AVERAGE(E48:E52) -> 90.6 | F53: =AVERAGE(F48:F52) -> 89.2 | G53: =AVERAGE(G48:G52) -> 82.2 | L53: =AVERAGE(L48:L52) -> 83 | M53: =AVERAGE(M48:M52) -> 80.8 | N53: =AVERAGE(N48:N52) -> 80 | R53: =AVERAGE(R50:R52) -> 82 | S53: =AVERAGE(S50:S52) -> 82 | U53: =AVERAGE(U48:U52) -> 80.666667 | X53: 9
A54: 5 | D54: PENUGASAN | E54: =tkr!$J$9 -> 83 | F54: =tkr!$P$9 -> 80 | G54: =tkr!$V$9 -> 80 | L54: =tkr!$AL$9 -> 80 | M54: =tkr!$AR$9 -> 79 | N54: =tkr!$AX$9 -> 79 | R54: =tkr!$BT$9 -> 86 | S54: =tkr!$BX$9 -> 86 | T54: =tkr!$BY$9 -> 82 | U54: =tkr!$CC$9 -> 79 | X54: 9
A55: 5 | D55: Nilai US | E55: =tkr!$CD$9 -> 89 | F55: =tkr!$CE$9 -> 88 | G55: =tkr!$CF$9 -> 87 | L55: =tkr!$CG$9 -> 87 | M55: =tkr!$CH$9 -> 83 | N55: =tkr!$CI$9 -> 83 | R55: =tkr!$CL$9 -> 70 | S55: =tkr!$CK$9 -> 80 | U55: =tkr!$CJ$9 -> 81 | X55: 9
A56: 5 | D56: Nilai Akhir | E56: =(E53*4+E54*3+E55*3)/10 -> 87.84 | F56: =(F53*4+F54*3+F55*3)/10 -> 86.08 | G56: =(G53*4+G54*3+G55*3)/10 -> 82.98 | H56: =AVERAGE(H48:H51) -> 84.5 | I56: =AVERAGE(I48:I51) -> 84.25 | J56: =AVERAGE(J48:J49) -> 90.5 | K56: =AVERAGE(K48:K51) -> 80.75 | L56: =(L53*4+L54*3+L55*3)/10 -> 83.3 | M56: =(M53*4+M54*3+M55*3)/10 -> 80.92 | N56: =(N53*4+N54*3+N55*3)/10 -> 80.6 | O56: =AVERAGE(O48:O49) -> 78.5 | P56: =AVERAGE(P48:P49) -> 87.5 | Q56: =AVERAGE(Q48:Q49) -> 82.5 | R56: =(R53*4+R54*3+R55*3)/10 -> 79.6 | S56: =(S53*4+S54*3+S55*3)/10 -> 82.6 | T56: =T54 -> 82 | U56: =(U53*4+U54*3+U55*3)/10 -> 80.266667 | V56: =AVERAGE(E56:U56) -> 83.216863 | X56: 9
A57: 6 | B57: 222310020 | C57: GIVEN GERALDO KALIGIS | D57: SMT 1 | E57: =tkr!$E$10 -> 91 | F57: =tkr!$K$10 -> 87 | G57: =tkr!$Q$10 -> 83 | H57: =tkr!$W$10 -> 85 | I57: =tkr!$AA$10 -> 80 | J57: =tkr!$AE$10 -> 94 | K57: =tkr!$AG$10 -> 80 | M57: =tkr!$AM$10 -> 87 | N57: =tkr!$AS$10 -> 77 | O57: =tkr!$AY$10 -> 74 | P57: =tkr!$BA$10 -> 80 | Q57: =tkr!$BC$10 -> 81 | X57: 10
A58: 6 | D58: SMT 2 | E58: =tkr!$F$10 -> 87 | F58: =tkr!$L$10 -> 83 | G58: =tkr!$R$10 -> 76 | H58: =tkr!$X$10 -> 85 | I58: =tkr!$AB$10 -> 83 | J58: =tkr!$AF$10 -> 83 | K58: =tkr!$AH$10 -> 74 | M58: =tkr!$AN$10 -> 88 | N58: =tkr!$AT$10 -> 80 | O58: =tkr!$AZ$10 -> 78 | P58: =tkr!$BB$10 -> 82 | Q58: =tkr!$BD$10 -> 80 | X58: 10
A59: 6 | D59: SMT 3 | E59: =tkr!$G$10 -> 91 | F59: =tkr!$M$10 -> 95 | G59: =tkr!$S$10 -> 84 | H59: =tkr!$Y$10 -> 84 | I59: =tkr!$AC$10 -> 85 | K59: =tkr!$AI$10 -> 72 | M59: =tkr!$AO$10 -> 80 | N59: =tkr!$AU$10 -> 80 | R59: =tkr!$BQ$10 -> 82 | S59: =tkr!$BU$10 -> 78 | U59: =tkr!$BZ$10 -> 73 | X59: 10
A60: 6 | D60: SMT 4 | E60: =tkr!$H$10 -> 82 | F60: =tkr!$N$10 -> 87 | G60: =tkr!$T$10 -> 85 | H60: =tkr!$Z$10 -> 86 | I60: =tkr!$AD$10 -> 86 | K60: =tkr!$AJ$10 -> 80 | M60: =tkr!$AP$10 -> 84 | N60: =tkr!$AV$10 -> 77 | R60: =tkr!$BR$10 -> 81.666667 | S60: =tkr!$BV$10 -> 80 | U60: =tkr!$CA$10 -> 84 | X60: 10
A61: 6 | D61: SMT 5 | E61: =tkr!$I$10 -> 91 | F61: =tkr!$O$10 -> 92 | G61: =tkr!$U$10 -> 83 | L61: =tkr!$AK$10 -> 86 | M61: =tkr!$AQ$10 -> 85 | N61: =tkr!$AW$10 -> 80 | R61: =tkr!$BS$10 -> 83 | S61: =tkr!$BW$10 -> 86 | U61: =tkr!$CB$10 -> 76 | X61: 10
A62: 6 | D62: PORTOPOLIO | E62: =AVERAGE(E57:E61) -> 88.4 | F62: =AVERAGE(F57:F61) -> 88.8 | G62: =AVERAGE(G57:G61) -> 82.2 | L62: =AVERAGE(L57:L61) -> 86 | M62: =AVERAGE(M57:M61) -> 84.8 | N62: =AVERAGE(N57:N61) -> 78.8 | R62: =AVERAGE(R59:R61) -> 82.222222 | S62: =AVERAGE(S59:S61) -> 81.333333 | U62: =AVERAGE(U57:U61) -> 77.666667 | X62: 10
A63: 6 | D63: PENUGASAN | E63: =tkr!$J$10 -> 95 | F63: =tkr!$P$10 -> 90 | G63: =tkr!$V$10 -> 90 | L63: =tkr!$AL$10 -> 90 | M63: =tkr!$AR$10 -> 95 | N63: =tkr!$AX$10 -> 95 | R63: =tkr!$BT$10 -> 93 | S63: =tkr!$BX$10 -> 93 | T63: =tkr!$BY$10 -> 93 | U63: =tkr!$CC$10 -> 95 | X63: 10
A64: 6 | D64: Nilai US | E64: =tkr!$CD$10 -> 87 | F64: =tkr!$CE$10 -> 80 | G64: =tkr!$CF$10 -> 80 | L64: =tkr!$CG$10 -> 70 | M64: =tkr!$CH$10 -> 86 | N64: =tkr!$CI$10 -> 83 | R64: =tkr!$CL$10 -> 70 | S64: =tkr!$CK$10 -> 82 | U64: =tkr!$CJ$10 -> 84 | X64: 10
A65: 6 | D65: Nilai Akhir | E65: =(E62*4+E63*3+E64*3)/10 -> 89.96 | F65: =(F62*4+F63*3+F64*3)/10 -> 86.52 | G65: =(G62*4+G63*3+G64*3)/10 -> 83.88 | H65: =AVERAGE(H57:H60) -> 85 | I65: =AVERAGE(I57:I60) -> 83.5 | J65: =AVERAGE(J57:J58) -> 88.5 | K65: =AVERAGE(K57:K60) -> 76.5 | L65: =(L62*4+L63*3+L64*3)/10 -> 82.4 | M65: =(M62*4+M63*3+M64*3)/10 -> 88.22 | N65: =(N62*4+N63*3+N64*3)/10 -> 84.92 | O65: =AVERAGE(O57:O58) -> 76 | P65: =AVERAGE(P57:P58) -> 81 | Q65: =AVERAGE(Q57:Q58) -> 80.5 | R65: =(R62*4+R63*3+R64*3)/10 -> 81.788889 | S65: =(S62*4+S63*3+S64*3)/10 -> 85.033333 | T65: =T63 -> 93 | U65: =(U62*4+U63*3+U64*3)/10 -> 84.766667 | V65: =AVERAGE(E65:U65) -> 84.205229 | X65: 10
A66: 7 | B66: 222310021 | C66: HERU RAMADANA | D66: SMT 1 | E66: =tkr!$E$11 -> 87 | F66: =tkr!$K$11 -> 77 | G66: =tkr!$Q$11 -> 78 | H66: =tkr!$W$11 -> 82 | I66: =tkr!$AA$11 -> 84 | J66: =tkr!$AE$11 -> 94 | K66: =tkr!$AG$11 -> 77 | M66: =tkr!$AM$11 -> 74 | N66: =tkr!$AS$11 -> 75 | O66: =tkr!$AY$11 -> 77 | P66: =tkr!$BA$11 -> 80 | Q66: =tkr!$BC$11 -> 81 | X66: 11
A67: 7 | D67: SMT 2 | E67: =tkr!$F$11 -> 87 | F67: =tkr!$L$11 -> 82 | G67: =tkr!$R$11 -> 85 | H67: =tkr!$X$11 -> 84 | I67: =tkr!$AB$11 -> 82 | J67: =tkr!$AF$11 -> 87 | K67: =tkr!$AH$11 -> 75 | M67: =tkr!$AN$11 -> 75 | N67: =tkr!$AT$11 -> 78 | O67: =tkr!$AZ$11 -> 80 | P67: =tkr!$BB$11 -> 82 | Q67: =tkr!$BD$11 -> 84 | X67: 11
A68: 7 | D68: SMT 3 | E68: =tkr!$G$11 -> 92 | F68: =tkr!$M$11 -> 91 | G68: =tkr!$S$11 -> 80 | H68: =tkr!$Y$11 -> 84 | I68: =tkr!$AC$11 -> 84 | K68: =tkr!$AI$11 -> 72 | M68: =tkr!$AO$11 -> 78 | N68: =tkr!$AU$11 -> 78 | R68: =tkr!$BQ$11 -> 83.333333 | S68: =tkr!$BU$11 -> 81 | U68: =tkr!$BZ$11 -> 72 | X68: 11
A69: 7 | D69: SMT 4 | E69: =tkr!$H$11 -> 85 | F69: =tkr!$N$11 -> 88 | G69: =tkr!$T$11 -> 87 | H69: =tkr!$Z$11 -> 85 | I69: =tkr!$AD$11 -> 85 | K69: =tkr!$AJ$11 -> 80 | M69: =tkr!$AP$11 -> 78 | N69: =tkr!$AV$11 -> 78 | R69: =tkr!$BR$11 -> 83.333333 | S69: =tkr!$BV$11 -> 82 | U69: =tkr!$CA$11 -> 80 | X69: 11
A70: 7 | D70: SMT 5 | E70: =tkr!$I$11 -> 91 | F70: =tkr!$O$11 -> 93 | G70: =tkr!$U$11 -> 87 | L70: =tkr!$AK$11 -> 80 | M70: =tkr!$AQ$11 -> 79 | N70: =tkr!$AW$11 -> 78 | R70: =tkr!$BS$11 -> 79 | S70: =tkr!$BW$11 -> 80 | U70: =tkr!$CB$11 -> 75 | X70: 11
A71: 7 | D71: PORTOPOLIO | E71: =AVERAGE(E66:E70) -> 88.4 | F71: =AVERAGE(F66:F70) -> 86.2 | G71: =AVERAGE(G66:G70) -> 83.4 | L71: =AVERAGE(L66:L70) -> 80 | M71: =AVERAGE(M66:M70) -> 76.8 | N71: =AVERAGE(N66:N70) -> 77.4 | R71: =AVERAGE(R68:R70) -> 81.888889 | S71: =AVERAGE(S68:S70) -> 81 | U71: =AVERAGE(U66:U70) -> 75.666667 | X71: 11
A72: 7 | D72: PENUGASAN | E72: =tkr!$J$11 -> 85 | F72: =tkr!$P$11 -> 80 | G72: =tkr!$V$11 -> 81 | L72: =tkr!$AL$11 -> 81 | M72: =tkr!$AR$11 -> 80 | N72: =tkr!$AX$11 -> 80 | R72: =tkr!$BT$11 -> 83 | S72: =tkr!$BX$11 -> 83 | T72: =tkr!$BY$11 -> 82 | U72: =tkr!$CC$11 -> 80 | X72: 11
A73: 7 | D73: Nilai US | E73: =tkr!$CD$11 -> 89 | F73: =tkr!$CE$11 -> 90 | G73: =tkr!$CF$11 -> 88 | L73: =tkr!$CG$11 -> 92 | M73: =tkr!$CH$11 -> 80 | N73: =tkr!$CI$11 -> 85 | R73: =tkr!$CL$11 -> 70 | S73: =tkr!$CK$11 -> 81 | U73: =tkr!$CJ$11 -> 82 | X73: 11
A74: 7 | D74: Nilai Akhir | E74: =(E71*4+E72*3+E73*3)/10 -> 87.56 | F74: =(F71*4+F72*3+F73*3)/10 -> 85.48 | G74: =(G71*4+G72*3+G73*3)/10 -> 84.06 | H74: =AVERAGE(H66:H69) -> 83.75 | I74: =AVERAGE(I66:I69) -> 83.75 | J74: =AVERAGE(J66:J67) -> 90.5 | K74: =AVERAGE(K66:K69) -> 76 | L74: =(L71*4+L72*3+L73*3)/10 -> 83.9 | M74: =(M71*4+M72*3+M73*3)/10 -> 78.72 | N74: =(N71*4+N72*3+N73*3)/10 -> 80.46 | O74: =AVERAGE(O66:O67) -> 78.5 | P74: =AVERAGE(P66:P67) -> 81 | Q74: =AVERAGE(Q66:Q67) -> 82.5 | R74: =(R71*4+R72*3+R73*3)/10 -> 78.655556 | S74: =(S71*4+S72*3+S73*3)/10 -> 81.6 | T74: =T72 -> 82 | U74: =(U71*4+U72*3+U73*3)/10 -> 78.866667 | V74: =AVERAGE(E74:U74) -> 82.194248 | X74: 11
A75: 8 | B75: 222310022 | C75: IHSANTOSO DWI NUGROHO | D75: SMT 1 | E75: =tkr!$E$12 -> 87 | F75: =tkr!$K$12 -> 81 | G75: =tkr!$Q$12 -> 80 | H75: =tkr!$W$12 -> 81 | I75: =tkr!$AA$12 -> 80 | J75: =tkr!$AE$12 -> 94 | K75: =tkr!$AG$12 -> 76 | M75: =tkr!$AM$12 -> 73 | N75: =tkr!$AS$12 -> 75 | O75: =tkr!$AY$12 -> 75 | P75: =tkr!$BA$12 -> 80 | Q75: =tkr!$BC$12 -> 82 | X75: 12
A76: 8 | D76: SMT 2 | E76: =tkr!$F$12 -> 77 | F76: =tkr!$L$12 -> 78 | G76: =tkr!$R$12 -> 70 | H76: =tkr!$X$12 -> 80 | I76: =tkr!$AB$12 -> 80 | J76: =tkr!$AF$12 -> 83 | K76: =tkr!$AH$12 -> 70 | M76: =tkr!$AN$12 -> 74 | N76: =tkr!$AT$12 -> 78 | O76: =tkr!$AZ$12 -> 78 | P76: =tkr!$BB$12 -> 78 | Q76: =tkr!$BD$12 -> 85 | X76: 12
A77: 8 | D77: SMT 3 | E77: =tkr!$G$12 -> 89 | F77: =tkr!$M$12 -> 86 | G77: =tkr!$S$12 -> 72 | H77: =tkr!$Y$12 -> 79 | I77: =tkr!$AC$12 -> 82 | K77: =tkr!$AI$12 -> 70 | M77: =tkr!$AO$12 -> 76 | N77: =tkr!$AU$12 -> 78 | R77: =tkr!$BQ$12 -> 77.666667 | S77: =tkr!$BU$12 -> 77 | U77: =tkr!$BZ$12 -> 70 | X77: 12
A78: 8 | D78: SMT 4 | E78: =tkr!$H$12 -> 81 | F78: =tkr!$N$12 -> 80 | G78: =tkr!$T$12 -> 75 | H78: =tkr!$Z$12 -> 78 | I78: =tkr!$AD$12 -> 80 | K78: =tkr!$AJ$12 -> 80 | M78: =tkr!$AP$12 -> 76 | N78: =tkr!$AV$12 -> 75 | R78: =tkr!$BR$12 -> 76.666667 | S78: =tkr!$BV$12 -> 79 | U78: =tkr!$CA$12 -> 74 | X78: 12
A79: 8 | D79: SMT 5 | E79: =tkr!$I$12 -> 84 | F79: =tkr!$O$12 -> 80 | G79: =tkr!$U$12 -> 70 | L79: =tkr!$AK$12 -> 80 | M79: =tkr!$AQ$12 -> 74 | N79: =tkr!$AW$12 -> 78 | R79: =tkr!$BS$12 -> 76.333333 | S79: =tkr!$BW$12 -> 80 | U79: =tkr!$CB$12 -> 70 | X79: 12
A80: 8 | D80: PORTOPOLIO | E80: =AVERAGE(E75:E79) -> 83.6 | F80: =AVERAGE(F75:F79) -> 81 | G80: =AVERAGE(G75:G79) -> 73.4 | L80: =AVERAGE(L75:L79) -> 80 | M80: =AVERAGE(M75:M79) -> 74.6 | N80: =AVERAGE(N75:N79) -> 76.8 | R80: =AVERAGE(R77:R79) -> 76.888889 | S80: =AVERAGE(S77:S79) -> 78.666667 | U80: =AVERAGE(U75:U79) -> 71.333333 | X80: 12
A81: 8 | D81: PENUGASAN | E81: =tkr!$J$12 -> 77 | F81: =tkr!$P$12 -> 79 | G81: =tkr!$V$12 -> 77 | L81: =tkr!$AL$12 -> 77 | M81: =tkr!$AR$12 -> 75 | N81: =tkr!$AX$12 -> 75 | R81: =tkr!$BT$12 -> 79 | S81: =tkr!$BX$12 -> 79 | T81: =tkr!$BY$12 -> 77 | U81: =tkr!$CC$12 -> 75 | X81: 12
A82: 8 | D82: Nilai US | E82: =tkr!$CD$12 -> 80 | F82: =tkr!$CE$12 -> 85 | G82: =tkr!$CF$12 -> 70 | L82: =tkr!$CG$12 -> 70 | M82: =tkr!$CH$12 -> 75 | N82: =tkr!$CI$12 -> 83 | R82: =tkr!$CL$12 -> 70 | S82: =tkr!$CK$12 -> 70 | U82: =tkr!$CJ$12 -> 75 | X82: 12
A83: 8 | D83: Nilai Akhir | E83: =(E80*4+E81*3+E82*3)/10 -> 80.54 | F83: =(F80*4+F81*3+F82*3)/10 -> 81.6 | G83: =(G80*4+G81*3+G82*3)/10 -> 73.46 | H83: =AVERAGE(H75:H78) -> 79.5 | I83: =AVERAGE(I75:I78) -> 80.5 | J83: =AVERAGE(J75:J76) -> 88.5 | K83: =AVERAGE(K75:K78) -> 74 | L83: =(L80*4+L81*3+L82*3)/10 -> 76.1 | M83: =(M80*4+M81*3+M82*3)/10 -> 74.84 | N83: =(N80*4+N81*3+N82*3)/10 -> 78.12 | O83: =AVERAGE(O75:O76) -> 76.5 | P83: =AVERAGE(P75:P76) -> 79 | Q83: =AVERAGE(Q75:Q76) -> 83.5 | R83: =(R80*4+R81*3+R82*3)/10 -> 75.455556 | S83: =(S80*4+S81*3+S82*3)/10 -> 76.166667 | T83: =T81 -> 77 | U83: =(U80*4+U81*3+U82*3)/10 -> 73.533333 | V83: =AVERAGE(E83:U83) -> 78.136209 | X83: 12
A84: 9 | B84: 222310023 | C84: KAREEM ABDUL RAHMAN AL AYYUBI | D84: SMT 1 | E84: =tkr!$E$13 -> 85 | F84: =tkr!$K$13 -> 74 | G84: =tkr!$Q$13 -> 80 | H84: =tkr!$W$13 -> 83 | I84: =tkr!$AA$13 -> 80 | J84: =tkr!$AE$13 -> 93 | K84: =tkr!$AG$13 -> 75 | M84: =tkr!$AM$13 -> 77 | N84: =tkr!$AS$13 -> 79 | O84: =tkr!$AY$13 -> 78 | P84: =tkr!$BA$13 -> 86 | Q84: =tkr!$BC$13 -> 83 | X84: 13
A85: 9 | D85: SMT 2 | E85: =tkr!$F$13 -> 84 | F85: =tkr!$L$13 -> 81 | G85: =tkr!$R$13 -> 84 | H85: =tkr!$X$13 -> 85 | I85: =tkr!$AB$13 -> 82 | J85: =tkr!$AF$13 -> 84 | K85: =tkr!$AH$13 -> 77 | M85: =tkr!$AN$13 -> 79 | N85: =tkr!$AT$13 -> 80 | O85: =tkr!$AZ$13 -> 80 | P85: =tkr!$BB$13 -> 83 | Q85: =tkr!$BD$13 -> 86 | X85: 13
A86: 9 | D86: SMT 3 | E86: =tkr!$G$13 -> 91 | F86: =tkr!$M$13 -> 90 | G86: =tkr!$S$13 -> 80 | H86: =tkr!$Y$13 -> 84 | I86: =tkr!$AC$13 -> 85 | K86: =tkr!$AI$13 -> 71 | M86: =tkr!$AO$13 -> 80 | N86: =tkr!$AU$13 -> 80 | R86: =tkr!$BQ$13 -> 84.666667 | S86: =tkr!$BU$13 -> 82 | U86: =tkr!$BZ$13 -> 72 | X86: 13
A87: 9 | D87: SMT 4 | E87: =tkr!$H$13 -> 82 | F87: =tkr!$N$13 -> 86 | G87: =tkr!$T$13 -> 88 | H87: =tkr!$Z$13 -> 85 | I87: =tkr!$AD$13 -> 87 | K87: =tkr!$AJ$13 -> 80 | M87: =tkr!$AP$13 -> 80 | N87: =tkr!$AV$13 -> 81 | R87: =tkr!$BR$13 -> 82.666667 | S87: =tkr!$BV$13 -> 83 | U87: =tkr!$CA$13 -> 78 | X87: 13
A88: 9 | D88: SMT 5 | E88: =tkr!$I$13 -> 89 | F88: =tkr!$O$13 -> 90 | G88: =tkr!$U$13 -> 84 | L88: =tkr!$AK$13 -> 80 | M88: =tkr!$AQ$13 -> 80 | N88: =tkr!$AW$13 -> 80 | R88: =tkr!$BS$13 -> 83 | S88: =tkr!$BW$13 -> 80 | U88: =tkr!$CB$13 -> 75 | X88: 13
A89: 9 | D89: PORTOPOLIO | E89: =AVERAGE(E84:E88) -> 86.2 | F89: =AVERAGE(F84:F88) -> 84.2 | G89: =AVERAGE(G84:G88) -> 83.2 | L89: =AVERAGE(L84:L88) -> 80 | M89: =AVERAGE(M84:M88) -> 79.2 | N89: =AVERAGE(N84:N88) -> 80 | R89: =AVERAGE(R86:R88) -> 83.444444 | S89: =AVERAGE(S86:S88) -> 81.666667 | U89: =AVERAGE(U84:U88) -> 75 | X89: 13
A90: 9 | D90: PENUGASAN | E90: =tkr!$J$13 -> 95 | F90: =tkr!$P$13 -> 95 | G90: =tkr!$V$13 -> 89 | L90: =tkr!$AL$13 -> 89 | M90: =tkr!$AR$13 -> 95 | N90: =tkr!$AX$13 -> 95 | R90: =tkr!$BT$13 -> 95 | S90: =tkr!$BX$13 -> 95 | T90: =tkr!$BY$13 -> 94 | U90: =tkr!$CC$13 -> 95 | X90: 13
A91: 9 | D91: Nilai US | E91: =tkr!$CD$13 -> 87 | F91: =tkr!$CE$13 -> 95 | G91: =tkr!$CF$13 -> 80 | L91: =tkr!$CG$13 -> 70 | M91: =tkr!$CH$13 -> 81 | N91: =tkr!$CI$13 -> 80 | R91: =tkr!$CL$13 -> 82 | S91: =tkr!$CK$13 -> 81 | U91: =tkr!$CJ$13 -> 85 | X91: 13
A92: 9 | D92: Nilai Akhir | E92: =(E89*4+E90*3+E91*3)/10 -> 89.08 | F92: =(F89*4+F90*3+F91*3)/10 -> 90.68 | G92: =(G89*4+G90*3+G91*3)/10 -> 83.98 | H92: =AVERAGE(H84:H87) -> 84.25 | I92: =AVERAGE(I84:I87) -> 83.5 | J92: =AVERAGE(J84:J85) -> 88.5 | K92: =AVERAGE(K84:K87) -> 75.75 | L92: =(L89*4+L90*3+L91*3)/10 -> 79.7 | M92: =(M89*4+M90*3+M91*3)/10 -> 84.48 | N92: =(N89*4+N90*3+N91*3)/10 -> 84.5 | O92: =AVERAGE(O84:O85) -> 79 | P92: =AVERAGE(P84:P85) -> 84.5 | Q92: =AVERAGE(Q84:Q85) -> 84.5 | R92: =(R89*4+R90*3+R91*3)/10 -> 86.477778 | S92: =(S89*4+S90*3+S91*3)/10 -> 85.466667 | T92: =T90 -> 94 | U92: =(U89*4+U90*3+U91*3)/10 -> 84 | V92: =AVERAGE(E92:U92) -> 84.844967 | X92: 13
A93: 10 | B93: 222310024 | C93: M. FASYAH LUKMAN | D93: SMT 1 | E93: =tkr!$E$14 -> 88 | F93: =tkr!$K$14 -> 75 | G93: =tkr!$Q$14 -> 80 | H93: =tkr!$W$14 -> 83 | I93: =tkr!$AA$14 -> 82 | J93: =tkr!$AE$14 -> 95 | K93: =tkr!$AG$14 -> 84 | M93: =tkr!$AM$14 -> 73 | N93: =tkr!$AS$14 -> 78 | O93: =tkr!$AY$14 -> 74 | P93: =tkr!$BA$14 -> 81 | Q93: =tkr!$BC$14 -> 81 | X93: 14
A94: 10 | D94: SMT 2 | E94: =tkr!$F$14 -> 89 | F94: =tkr!$L$14 -> 80 | G94: =tkr!$R$14 -> 82 | H94: =tkr!$X$14 -> 83 | I94: =tkr!$AB$14 -> 80 | J94: =tkr!$AF$14 -> 85 | K94: =tkr!$AH$14 -> 73 | M94: =tkr!$AN$14 -> 74 | N94: =tkr!$AT$14 -> 77 | O94: =tkr!$AZ$14 -> 78 | P94: =tkr!$BB$14 -> 82 | Q94: =tkr!$BD$14 -> 82 | X94: 14
A95: 10 | D95: SMT 3 | E95: =tkr!$G$14 -> 90 | F95: =tkr!$M$14 -> 95 | G95: =tkr!$S$14 -> 75 | H95: =tkr!$Y$14 -> 83 | I95: =tkr!$AC$14 -> 82 | K95: =tkr!$AI$14 -> 73 | M95: =tkr!$AO$14 -> 73 | N95: =tkr!$AU$14 -> 80 | R95: =tkr!$BQ$14 -> 83.333333 | S95: =tkr!$BU$14 -> 81 | U95: =tkr!$BZ$14 -> 76 | X95: 14
A96: 10 | D96: SMT 4 | E96: =tkr!$H$14 -> 82 | F96: =tkr!$N$14 -> 89 | G96: =tkr!$T$14 -> 88 | H96: =tkr!$Z$14 -> 86 | I96: =tkr!$AD$14 -> 85 | K96: =tkr!$AJ$14 -> 82 | M96: =tkr!$AP$14 -> 78 | N96: =tkr!$AV$14 -> 78 | R96: =tkr!$BR$14 -> 82.333333 | S96: =tkr!$BV$14 -> 82 | U96: =tkr!$CA$14 -> 83 | X96: 14
A97: 10 | D97: SMT 5 | E97: =tkr!$I$14 -> 90 | F97: =tkr!$O$14 -> 91 | G97: =tkr!$U$14 -> 75 | L97: =tkr!$AK$14 -> 83 | M97: =tkr!$AQ$14 -> 80 | N97: =tkr!$AW$14 -> 83 | R97: =tkr!$BS$14 -> 78.333333 | S97: =tkr!$BW$14 -> 83 | U97: =tkr!$CB$14 -> 78 | X97: 14
A98: 10 | D98: PORTOPOLIO | E98: =AVERAGE(E93:E97) -> 87.8 | F98: =AVERAGE(F93:F97) -> 86 | G98: =AVERAGE(G93:G97) -> 80 | L98: =AVERAGE(L93:L97) -> 83 | M98: =AVERAGE(M93:M97) -> 75.6 | N98: =AVERAGE(N93:N97) -> 79.2 | R98: =AVERAGE(R95:R97) -> 81.333333 | S98: =AVERAGE(S95:S97) -> 82 | U98: =AVERAGE(U93:U97) -> 79 | X98: 14
A99: 10 | D99: PENUGASAN | E99: =tkr!$J$14 -> 87 | F99: =tkr!$P$14 -> 85 | G99: =tkr!$V$14 -> 83 | L99: =tkr!$AL$14 -> 83 | M99: =tkr!$AR$14 -> 85 | N99: =tkr!$AX$14 -> 85 | R99: =tkr!$BT$14 -> 80 | S99: =tkr!$BX$14 -> 80 | T99: =tkr!$BY$14 -> 84 | U99: =tkr!$CC$14 -> 85 | X99: 14
A100: 10 | D100: Nilai US | E100: =tkr!$CD$14 -> 90 | F100: =tkr!$CE$14 -> 90 | G100: =tkr!$CF$14 -> 82 | L100: =tkr!$CG$14 -> 97 | M100: =tkr!$CH$14 -> 80 | N100: =tkr!$CI$14 -> 83 | R100: =tkr!$CL$14 -> 85 | S100: =tkr!$CK$14 -> 80 | U100: =tkr!$CJ$14 -> 77 | X100: 14
A101: 10 | D101: Nilai Akhir | E101: =(E98*4+E99*3+E100*3)/10 -> 88.22 | F101: =(F98*4+F99*3+F100*3)/10 -> 86.9 | G101: =(G98*4+G99*3+G100*3)/10 -> 81.5 | H101: =AVERAGE(H93:H96) -> 83.75 | I101: =AVERAGE(I93:I96) -> 82.25 | J101: =AVERAGE(J93:J94) -> 90 | K101: =AVERAGE(K93:K96) -> 78 | L101: =(L98*4+L99*3+L100*3)/10 -> 87.2 | M101: =(M98*4+M99*3+M100*3)/10 -> 79.74 | N101: =(N98*4+N99*3+N100*3)/10 -> 82.08 | O101: =AVERAGE(O93:O94) -> 76 | P101: =AVERAGE(P93:P94) -> 81.5 | Q101: =AVERAGE(Q93:Q94) -> 81.5 | R101: =(R98*4+R99*3+R100*3)/10 -> 82.033333 | S101: =(S98*4+S99*3+S100*3)/10 -> 80.8 | T101: =T99 -> 84 | U101: =(U98*4+U99*3+U100*3)/10 -> 80.2 | V101: =AVERAGE(E101:U101) -> 82.686667 | X101: 14
A102: 11 | B102: 222310025 | C102: M.RIZKY HARDIANSYAH | D102: SMT 1 | E102: =tkr!$E$15 -> 85 | F102: =tkr!$K$15 -> 82 | G102: =tkr!$Q$15 -> 80 | H102: =tkr!$W$15 -> 82 | I102: =tkr!$AA$15 -> 81 | J102: =tkr!$AE$15 -> 94 | K102: =tkr!$AG$15 -> 75 | M102: =tkr!$AM$15 -> 74 | N102: =tkr!$AS$15 -> 79 | O102: =tkr!$AY$15 -> 78 | P102: =tkr!$BA$15 -> 78 | Q102: =tkr!$BC$15 -> 80 | X102: 15
A103: 11 | D103: SMT 2 | E103: =tkr!$F$15 -> 86 | F103: =tkr!$L$15 -> 79 | G103: =tkr!$R$15 -> 86 | H103: =tkr!$X$15 -> 83 | I103: =tkr!$AB$15 -> 80 | J103: =tkr!$AF$15 -> 85 | K103: =tkr!$AH$15 -> 73 | M103: =tkr!$AN$15 -> 75 | N103: =tkr!$AT$15 -> 77 | O103: =tkr!$AZ$15 -> 78 | P103: =tkr!$BB$15 -> 79 | Q103: =tkr!$BD$15 -> 80 | X103: 15
...

Sheet tkj
A1: NO | B1: NIS | C1: NAMA PESERTA | D1: KELAS | BC1: TEKNIK JARINGAN KOMPUTER DAN TELEKOMUNIKASI | BE1: MAPEL KONSENTRASI KEAHLIAN | BI1: MAPEL KONSENTRASI KEAHLIAN | BM1: MAPEL KONSENTRASI KEAHLIAN | CD1: NILAI UJIAN SEKOLAH | CM1: =E2 -> 1.Pendidikan Agama Islam (PAI) | CQ1: =K2 -> 2.Pendidikan Pancasila | CU1: =Q2 -> 3.Bahasa Indonesia | CY1: =W2 -> 4.Pendidikan Jasmani Olahraga dan Kesehatan | DA1: =AA2 -> 5.Sejarah | DC1: =AE2 -> 6.Seni Budaya (Seni Tari) | DE1: =AG2 -> 7.Bahasa Sunda | DG1: =AK2 -> 8.Public speaking | DK1: =AM2 -> 9.Matematika | DO1: =AS2 -> 10.Bahasa Inggris | DS1: =AY2 -> 11.Informatika | DU1: =BA2 -> 12.Projek Ilmu Pengetahuan Alam dan Sosial | DW1: =BC2 -> 13.Dasar - dasar Program Keahlian | DY1: 14. Konsentrasi Keahlian | EC1: =BU2 -> 15.Projek Kreatif dan Kewirausahaan | EG1: 16.PKL | EH1: =BZ2 -> 17.Bahasa Jepang | EL1: NILAI IJAZAH / SKL
E2: 1.Pendidikan Agama Islam (PAI) | K2: 2.Pendidikan Pancasila | Q2: 3.Bahasa Indonesia | W2: 4.Pendidikan Jasmani Olahraga dan Kesehatan | AA2: 5.Sejarah | AE2: 6.Seni Budaya (Seni Tari) | AG2: 7.Bahasa Sunda | AK2: 8.Public speaking | AM2: 9.Matematika | AS2: 10.Bahasa Inggris | AY2: 11.Informatika | BA2: 12.Projek Ilmu Pengetahuan Alam dan Sosial | BC2: 13.Dasar - dasar Program Keahlian | BE2: 14.Administrasi Infrastruktur Jaringan & Teknologi WAN | BI2: 14.Administrasi Sistem Jaringan | BM2: 14.Teknologi Jaringan Kabel dan Nirkabel | BQ2: KONS | BU2: 15.Projek Kreatif dan Kewirausahaan | BY2: 16.PKL | BZ2: 17.Bahasa Jepang | EL2: 1.Pendidikan Agama dan Budi Pekerti | EM2: 2.Pendidikan Pancasila | EN2: 3.Bahasa Indonesia | EO2: 4.Pendidikan Jasmani Olahraga dan Kesehatan | EP2: 5.Sejarah | EQ2: 6.Seni Budaya (Seni Tari) | ER2: 7.Bahasa Sunda | ES2: 8.Public speaking | ET2: 9.Matematika | EU2: 10.Bahasa Inggris | EV2: 11.Informatika | EW2: 12.Projek Ilmu Pengetahuan Alam dan Sosial | EX2: 13.Dasar - dasar Program Keahlian | EY2: 14.Konsentrasi Keahlian | EZ2: 15.Projek Kreatif dan Kewirausahaan | FA2: 16.Praktik Kerja Lapangan | FB2: 17.Mepel Pilihan (Bahasa Jepang) | FC2: RATA-RATA
E3: ST1 | F3: ST2 | G3: ST3 | H3: ST4 | I3: ST5 | J3: ST6 | K3: ST1 | L3: ST2 | M3: ST3 | N3: ST4 | O3: ST5 | P3: ST6 | Q3: ST1 | R3: ST2 | S3: ST3 | T3: ST4 | U3: ST5 | V3: ST6 | W3: ST1 | X3: ST2 | Y3: ST3 | Z3: ST4 | AA3: ST1 | AB3: ST2 | AC3: ST3 | AD3: ST4 | AE3: ST1 | AF3: ST2 | AG3: ST1 | AH3: ST2 | AI3: ST3 | AJ3: ST4 | AK3: ST5 | AL3: ST6 | AM3: ST1 | AN3: ST2 | AO3: ST3 | AP3: ST4 | AQ3: ST5 | AR3: ST6 | AS3: ST1 | AT3: ST2 | AU3: ST3 | AV3: ST4 | AW3: ST5 | AX3: ST6 | AY3: ST1 | AZ3: ST2 | BA3: ST1 | BB3: ST2 | BC3: ST1 | BD3: ST2 | BE3: ST3 | BF3: ST4 | BG3: ST5 | BH3: ST6 | BI3: ST3 | BJ3: ST4 | BK3: ST5 | BL3: ST6 | BM3: ST3 | BN3: ST4 | BO3: ST5 | BP3: ST6 | BQ3: ST3 | BR3: ST4 | BS3: ST5 | BT3: ST6 | BU3: ST3 | BV3: ST4 | BW3: ST5 | BX3: ST6 | BY3: 5 | BZ3: ST3 | CA3: ST4 | CB3: ST5 | CC3: ST6 | CD3: PAI | CE3: PKN | CF3: B IND | CG3: P. SPEAKING | CH3: MTK | CI3: B ING | CJ3: B JPN | CK3: PKK | CL3: KONST | CM3: PORT | CN3: ST6 | CO3: US | CP3: NA | CQ3: PORT | CR3: ST6 | CS3: US | CT3: NA | CU3: PORT | CV3: ST6 | CW3: US | CX3: NA | CY3: PORT | CZ3: NA | DA3: PORT | DB3: NA | DC3: PORT | DD3: NA | DE3: PORT | DF3: NA | DG3: PORT | DH3: ST6 | DI3: US | DJ3: NA | DK3: PORT | DL3: ST6 | DM3: US | DN3: NA | DO3: PORT | DP3: ST6 | DQ3: US | DR3: NA | DS3: PORT | DT3: NA | DU3: PORT | DV3: NA | DW3: PORT | DX3: NA | DY3: PORT | DZ3: ST6 | EA3: US | EB3: NA | EC3: PORT | ED3: ST6 | EE3: US | EF3: NA | EG3: NA | EH3: PORT | EI3: ST6 | EJ3: US | EK3: NA | EL3: 1.Pendidikan Agama dan Budi Pekerti | EM3: 2.Pendidikan Pancasila | EN3: 3.Bahasa Indonesia | EO3: 4.Pendidikan Jasmani Olahraga dan Kesehatan | EP3: 5.Sejarah | EQ3: 6.Seni Budaya (Seni Tari) | ER3: 7.Bahasa Sunda | ES3: 8.Public speaking | ET3: 9.Matematika | EU3: 10.Bahasa Inggris | EV3: 11.Informatika | EW3: 12.Projek Ilmu Pengetahuan Alam dan Sosial | EX3: 13.Dasar - dasar Program Keahlian | EY3: 14.Konsentrasi Keahlian | EZ3: 15.Projek Kreatif dan Kewirausahaan | FA3: 16.Praktik Kerja Lapangan | FB3: 17.Mepel Pilihan (Bahasa Jepang)
EL4: 1.Pendidikan Agama dan Budi Pekerti | EM4: 2.Pendidikan Pancasila | EN4: 3.Bahasa Indonesia | EO4: 4.Pendidikan Jasmani Olahraga dan Kesehatan | EP4: 5.Sejarah | EQ4: 6.Seni Budaya (Seni Tari) | ER4: 7.Bahasa Sunda | ES4: 8.Public speaking | ET4: 9.Matematika | EU4: 10.Bahasa Inggris | EV4: 11.Informatika | EW4: 12.Projek Ilmu Pengetahuan Alam dan Sosial | EX4: 13.Dasar - dasar Program Keahlian | EY4: 14.Konsentrasi Keahlian | EZ4: 15.Projek Kreatif dan Kewirausahaan | FA4: 16.Praktik Kerja Lapangan | FB4: 17.Mepel Pilihan (Bahasa Jepang)
A5: 1 | B5: 0072443045 | C5: ADINDA DWI RAHMADANI | D5: 12 TKJ 1 | E5: 84 | F5: 86 | G5: 90 | H5: 83 | I5: 92 | J5: 91 | K5: 84 | L5: 79 | M5: 70 | N5: 89 | O5: 98 | P5: 91 | Q5: 86 | R5: 83 | S5: 70 | T5: 75 | U5: 80 | V5: 87 | W5: 82 | X5: 84 | Y5: 80 | Z5: 84 | AA5: 77 | AB5: 80 | AC5: 80 | AD5: 81 | AE5: 82 | AF5: 83 | AG5: 77 | AH5: 80 | AI5: 70 | AJ5: 84 | AK5: 81 | AL5: 87 | AM5: 74 | AN5: 71 | AO5: 73 | AP5: 74 | AQ5: 80 | AR5: 90 | AS5: 77 | AT5: 80 | AU5: 82 | AV5: 80 | AW5: 82 | AX5: 90 | AY5: 79 | AZ5: 79 | BA5: 72 | BB5: 78 | BC5: 79 | BD5: 78 | BE5: 86 | BF5: 85 | BG5: 80 | BH5: 94 | BI5: 83 | BJ5: 80 | BK5: 81 | BL5: 94 | BM5: 78 | BN5: 76 | BO5: 83 | BP5: 94 | BQ5: =AVERAGE(BE5,BI5,BM5) -> 82.333333 | BR5: =AVERAGE(BF5,BJ5,BN5) -> 80.333333 | BS5: =AVERAGE(BG5,BK5,BO5) -> 81.333333 | BT5: =AVERAGE(BH5,BL5,BP5) -> 94 | BU5: 87 | BV5: 84 | BW5: 90 | BX5: 94 | BY5: 91 | BZ5: 71 | CA5: 80 | CB5: 75 | CC5: 90 | CD5: 88 | CE5: 82 | CF5: 87 | CG5: 84 | CH5: 81 | CI5: 82 | CJ5: 80 | CK5: 85 | CL5: 95 | CM5: =AVERAGE(E5:I5) -> 87 | CN5: =J5 -> 91 | CO5: =CD5 -> 88 | CP5: =(CM5*4+CN5*3+CO5*3)/10 -> 88.5 | CQ5: =AVERAGE(K5:O5) -> 84 | CR5: =P5 -> 91 | CS5: =CE5 -> 82 | CT5: =(CQ5*4+CR5*3+CS5*3)/10 -> 85.5 | CU5: =AVERAGE(Q5:U5) -> 78.8 | CV5: =V5 -> 87 | CW5: =CF5 -> 87 | CX5: =(CU5*4+CV5*3+CW5*3)/10 -> 83.72 | CY5: =AVERAGE(W5:Z5) -> 82.5 | CZ5: =CY5 -> 82.5 | DA5: =AVERAGE(AA5:AD5) -> 79.5 | DB5: =DA5 -> 79.5 | DC5: =AVERAGE(AE5:AF5) -> 82.5 | DD5: =DC5 -> 82.5 | DE5: =AVERAGE(AG5:AJ5) -> 77.75 | DF5: =DE5 -> 77.75 | DG5: =AK5 -> 81 | DH5: =AL5 -> 87 | DI5: =CG5 -> 84 | DJ5: =(DG5*4+DH5*3+DI5*3)/10 -> 83.7 | DK5: =AVERAGE(AM5:AQ5) -> 74.4 | DL5: =AR5 -> 90 | DM5: =CH5 -> 81 | DN5: =(DK5*4+DL5*3+DM5*3)/10 -> 81.06 | DO5: =AVERAGE(AS5:AW5) -> 80.2 | DP5: =AX5 -> 90 | DQ5: =CI5 -> 82 | DR5: =(DO5*4+DP5*3+DQ5*3)/10 -> 83.68 | DS5: =AVERAGE(AY5:AZ5) -> 79 | DT5: =DS5 -> 79 | DU5: =AVERAGE(BA5:BB5) -> 75 | DV5: =DU5 -> 75 | DW5: =AVERAGE(BC5:BD5) -> 78.5 | DX5: =DW5 -> 78.5 | DY5: =AVERAGE(BQ5:BS5) -> 81.333333 | DZ5: =BT5 -> 94 | EA5: =CL5 -> 95 | EB5: =(DY5*4+DZ5*3+EA5*3)/10 -> 89.233333 | EC5: =AVERAGE(BU5:BW5) -> 87 | ED5: =BX5 -> 94 | EE5: =CK5 -> 85 | EF5: =(EC5*4+ED5*3+EE5*3)/10 -> 88.5 | EG5: =BY5 -> 91 | EH5: =AVERAGE(BZ5:CB5) -> 75.333333 | EI5: =CC5 -> 90 | EJ5: =CJ5 -> 80 | EK5: =(EH5*4+EI5*3+EJ5*3)/10 -> 81.133333 | EL5: =CP5 -> 88.5 | EM5: =CT5 -> 85.5 | EN5: =CX5 -> 83.72 | EO5: =CZ5 -> 82.5 | EP5: =DB5 -> 79.5 | EQ5: =DD5 -> 82.5 | ER5: =DF5 -> 77.75 | ES5: =DJ5 -> 83.7 | ET5: =DN5 -> 81.06 | EU5: =DR5 -> 83.68 | EV5: =DT5 -> 79 | EW5: =DV5 -> 75 | EX5: =DX5 -> 78.5 | EY5: =EB5 -> 89.233333 | EZ5: =EF5 -> 88.5 | FA5: =EG5 -> 91 | FB5: =EK5 -> 81.133333 | FC5: =AVERAGE(EL5:FB5) -> 82.986863
A6: 2 | B6: 0072963743 | C6: ADITYA MAULANA P | D6: 12 TKJ 1 | E6: 80 | F6: 84 | G6: 80 | H6: 80 | I6: 91 | J6: 83 | K6: 80 | L6: 77 | M6: 89 | N6: 95 | O6: 95 | P6: 78 | Q6: 87 | R6: 89 | S6: 83 | T6: 84 | U6: 83 | V6: 80 | W6: 83 | X6: 86 | Y6: 84 | Z6: 86 | AA6: 77 | AB6: 82 | AC6: 72 | AD6: 78 | AE6: 82 | AF6: 82 | AG6: 75 | AH6: 77 | AI6: 70 | AJ6: 80 | AK6: 80 | AL6: 80 | AM6: 76 | AN6: 78 | AO6: 74 | AP6: 77 | AQ6: 79 | AR6: 79 | AS6: 77 | AT6: 78 | AU6: 78 | AV6: 83 | AW6: 78 | AX6: 79 | AY6: 79 | AZ6: 82 | BA6: 75 | BB6: 82 | BC6: 74 | BD6: 82 | BE6: 83 | BF6: 82 | BG6: 81 | BH6: 86 | BI6: 84 | BJ6: 81 | BK6: 80 | BL6: 86 | BM6: 77 | BN6: 80 | BO6: 82 | BP6: 86 | BQ6: =AVERAGE(BE6,BI6,BM6) -> 81.333333 | BR6: =AVERAGE(BF6,BJ6,BN6) -> 81 | BS6: =AVERAGE(BG6,BK6,BO6) -> 81 | BT6: =AVERAGE(BH6,BL6,BP6) -> 86 | BU6: 86 | BV6: 83 | BW6: 90 | BX6: 86 | BY6: 81 | BZ6: 75 | CA6: 84 | CB6: 86 | CC6: 79 | CD6: 89 | CE6: 80 | CF6: 82 | CG6: 95 | CH6: 79 | CI6: 84 | CJ6: 80 | CK6: 87 | CL6: 95 | CM6: =AVERAGE(E6:I6) -> 83 | CN6: =J6 -> 83 | CO6: =CD6 -> 89 | CP6: =(CM6*4+CN6*3+CO6*3)/10 -> 84.8 | CQ6: =AVERAGE(K6:O6) -> 87.2 | CR6: =P6 -> 78 | CS6: =CE6 -> 80 | CT6: =(CQ6*4+CR6*3+CS6*3)/10 -> 82.28 | CU6: =AVERAGE(Q6:U6) -> 85.2 | CV6: =V6 -> 80 | CW6: =CF6 -> 82 | CX6: =(CU6*4+CV6*3+CW6*3)/10 -> 82.68 | CY6: =AVERAGE(W6:Z6) -> 84.75 | CZ6: =CY6 -> 84.75 | DA6: =AVERAGE(AA6:AD6) -> 77.25 | DB6: =DA6 -> 77.25 | DC6: =AVERAGE(AE6:AF6) -> 82 | DD6: =DC6 -> 82 | DE6: =AVERAGE(AG6:AJ6) -> 75.5 | DF6: =DE6 -> 75.5 | DG6: =AK6 -> 80 | DH6: =AL6 -> 80 | DI6: =CG6 -> 95 | DJ6: =(DG6*4+DH6*3+DI6*3)/10 -> 84.5 | DK6: =AVERAGE(AM6:AQ6) -> 76.8 | DL6: =AR6 -> 79 | DM6: =CH6 -> 79 | DN6: =(DK6*4+DL6*3+DM6*3)/10 -> 78.12 | DO6: =AVERAGE(AS6:AW6) -> 78.8 | DP6: =AX6 -> 79 | DQ6: =CI6 -> 84 | DR6: =(DO6*4+DP6*3+DQ6*3)/10 -> 80.42 | DS6: =AVERAGE(AY6:AZ6) -> 80.5 | DT6: =DS6 -> 80.5 | DU6: =AVERAGE(BA6:BB6) -> 78.5 | DV6: =DU6 -> 78.5 | DW6: =AVERAGE(BC6:BD6) -> 78 | DX6: =DW6 -> 78 | DY6: =AVERAGE(BQ6:BS6) -> 81.111111 | DZ6: =BT6 -> 86 | EA6: =CL6 -> 95 | EB6: =(DY6*4+DZ6*3+EA6*3)/10 -> 86.744444 | EC6: =AVERAGE(BU6:BW6) -> 86.333333 | ED6: =BX6 -> 86 | EE6: =CK6 -> 87 | EF6: =(EC6*4+ED6*3+EE6*3)/10 -> 86.433333 | EG6: =BY6 -> 81 | EH6: =AVERAGE(BZ6:CB6) -> 81.666667 | EI6: =CC6 -> 79 | EJ6: =CJ6 -> 80 | EK6: =(EH6*4+EI6*3+EJ6*3)/10 -> 80.366667 | EL6: =CP6 -> 84.8 | EM6: =CT6 -> 82.28 | EN6: =CX6 -> 82.68 | EO6: =CZ6 -> 84.75 | EP6: =DB6 -> 77.25 | EQ6: =DD6 -> 82 | ER6: =DF6 -> 75.5 | ES6: =DJ6 -> 84.5 | ET6: =DN6 -> 78.12 | EU6: =DR6 -> 80.42 | EV6: =DT6 -> 80.5 | EW6: =DV6 -> 78.5 | EX6: =DX6 -> 78 | EY6: =EB6 -> 86.744444 | EZ6: =EF6 -> 86.433333 | FA6: =EG6 -> 81 | FB6: =EK6 -> 80.366667 | FC6: =AVERAGE(EL6:FB6) -> 81.402614
A7: 3 | B7: 0067882915 | C7: AKBAR ALFRIYAWAN | D7: 12 TKJ 1 | E7: 84 | F7: 82 | G7: 88 | H7: 84 | I7: 92 | J7: 72 | K7: 80 | L7: 82 | M7: 83 | N7: 89 | O7: 92 | P7: 73 | Q7: 86 | R7: 70 | S7: 80 | T7: 79 | U7: 80 | V7: 80 | W7: 83 | X7: 83 | Y7: 80 | Z7: 85 | AA7: 77 | AB7: 79 | AC7: 82 | AD7: 84 | AE7: 83 | AF7: 82 | AG7: 76 | AH7: 75 | AI7: 73 | AJ7: 83 | AK7: 80 | AL7: 80 | AM7: 70 | AN7: 72 | AO7: 73 | AP7: 74 | AQ7: 78 | AR7: 74 | AS7: 75 | AT7: 80 | AU7: 82 | AV7: 80 | AW7: 82 | AX7: 74 | AY7: 75 | AZ7: 81 | BA7: 74 | BB7: 86 | BC7: 78 | BD7: 77 | BE7: 82 | BF7: 81 | BG7: 80 | BH7: 74 | BI7: 79 | BJ7: 80 | BK7: 88 | BL7: 74 | BM7: 78 | BN7: 75 | BO7: 85 | BP7: 74 | BQ7: =AVERAGE(BE7,BI7,BM7) -> 79.666667 | BR7: =AVERAGE(BF7,BJ7,BN7) -> 78.666667 | BS7: =AVERAGE(BG7,BK7,BO7) -> 84.333333 | BT7: =AVERAGE(BH7,BL7,BP7) -> 74 | BU7: 86 | BV7: 83 | BW7: 90 | BX7: 74 | BY7: 75 | BZ7: 74 | CA7: 83 | CB7: 80 | CC7: 74 | CD7: 86 | CE7: 90 | CF7: 80 | CG7: 80 | CH7: 76 | CI7: 82 | CJ7: 80 | CK7: 88 | CL7: 92 | CM7: =AVERAGE(E7:I7) -> 86 | CN7: =J7 -> 72 | CO7: =CD7 -> 86 | CP7: =(CM7*4+CN7*3+CO7*3)/10 -> 81.8 | CQ7: =AVERAGE(K7:O7) -> 85.2 | CR7: =P7 -> 73 | CS7: =CE7 -> 90 | CT7: =(CQ7*4+CR7*3+CS7*3)/10 -> 82.98 | CU7: =AVERAGE(Q7:U7) -> 79 | CV7: =V7 -> 80 | CW7: =CF7 -> 80 | CX7: =(CU7*4+CV7*3+CW7*3)/10 -> 79.6 | CY7: =AVERAGE(W7:Z7) -> 82.75 | CZ7: =CY7 -> 82.75 | DA7: =AVERAGE(AA7:AD7) -> 80.5 | DB7: =DA7 -> 80.5 | DC7: =AVERAGE(AE7:AF7) -> 82.5 | DD7: =DC7 -> 82.5 | DE7: =AVERAGE(AG7:AJ7) -> 76.75 | DF7: =DE7 -> 76.75 | DG7: =AK7 -> 80 | DH7: =AL7 -> 80 | DI7: =CG7 -> 80 | DJ7: =(DG7*4+DH7*3+DI7*3)/10 -> 80 | DK7: =AVERAGE(AM7:AQ7) -> 73.4 | DL7: =AR7 -> 74 | DM7: =CH7 -> 76 | DN7: =(DK7*4+DL7*3+DM7*3)/10 -> 74.36 | DO7: =AVERAGE(AS7:AW7) -> 79.8 | DP7: =AX7 -> 74 | DQ7: =CI7 -> 82 | DR7: =(DO7*4+DP7*3+DQ7*3)/10 -> 78.72 | DS7: =AVERAGE(AY7:AZ7) -> 78 | DT7: =DS7 -> 78 | DU7: =AVERAGE(BA7:BB7) -> 80 | DV7: =DU7 -> 80 | DW7: =AVERAGE(BC7:BD7) -> 77.5 | DX7: =DW7 -> 77.5 | DY7: =AVERAGE(BQ7:BS7) -> 80.888889 | DZ7: =BT7 -> 74 | EA7: =CL7 -> 92 | EB7: =(DY7*4+DZ7*3+EA7*3)/10 -> 82.155556 | EC7: =AVERAGE(BU7:BW7) -> 86.333333 | ED7: =BX7 -> 74 | EE7: =CK7 -> 88 | EF7: =(EC7*4+ED7*3+EE7*3)/10 -> 83.133333 | EG7: =BY7 -> 75 | EH7: =AVERAGE(BZ7:CB7) -> 79 | EI7: =CC7 -> 74 | EJ7: =CJ7 -> 80 | EK7: =(EH7*4+EI7*3+EJ7*3)/10 -> 77.8 | EL7: =CP7 -> 81.8 | EM7: =CT7 -> 82.98 | EN7: =CX7 -> 79.6 | EO7: =CZ7 -> 82.75 | EP7: =DB7 -> 80.5 | EQ7: =DD7 -> 82.5 | ER7: =DF7 -> 76.75 | ES7: =DJ7 -> 80 | ET7: =DN7 -> 74.36 | EU7: =DR7 -> 78.72 | EV7: =DT7 -> 78 | EW7: =DV7 -> 80 | EX7: =DX7 -> 77.5 | EY7: =EB7 -> 82.155556 | EZ7: =EF7 -> 83.133333 | FA7: =EG7 -> 75 | FB7: =EK7 -> 77.8 | FC7: =AVERAGE(EL7:FB7) -> 79.620523
A8: 4 | B8: 0076314605 | C8: AMANDA APRILIANTI | D8: 12 TKJ 1 | E8: 94 | F8: 88 | G8: 90 | H8: 88 | I8: 92 | J8: 90 | K8: 88 | L8: 80 | M8: 82 | N8: 92 | O8: 92 | P8: 90 | Q8: 80 | R8: 86 | S8: 89 | T8: 90 | U8: 84 | V8: 80 | W8: 83 | X8: 84 | Y8: 80 | Z8: 85 | AA8: 77 | AB8: 80 | AC8: 85 | AD8: 86 | AE8: 83 | AF8: 83 | AG8: 75 | AH8: 76 | AI8: 74 | AJ8: 83 | AK8: 84 | AL8: 80 | AM8: 72 | AN8: 74 | AO8: 78 | AP8: 79 | AQ8: 83 | AR8: 90 | AS8: 74 | AT8: 80 | AU8: 80 | AV8: 80 | AW8: 80 | AX8: 90 | AY8: 80 | AZ8: 84 | BA8: 78 | BB8: 87 | BC8: 78 | BD8: 78 | BE8: 87 | BF8: 88 | BG8: 84 | BH8: 90 | BI8: 85 | BJ8: 84 | BK8: 89 | BL8: 90 | BM8: 79 | BN8: 83 | BO8: 85 | BP8: 90 | BQ8: =AVERAGE(BE8,BI8,BM8) -> 83.666667 | BR8: =AVERAGE(BF8,BJ8,BN8) -> 85 | BS8: =AVERAGE(BG8,BK8,BO8) -> 86 | BT8: =AVERAGE(BH8,BL8,BP8) -> 90 | BU8: 89 | BV8: 91 | BW8: 90 | BX8: 90 | BY8: 88 | BZ8: 81 | CA8: 91 | CB8: 91 | CC8: 90 | CD8: 91 | CE8: 85 | CF8: 85 | CG8: 95 | CH8: 83 | CI8: 83 | CJ8: 85 | CK8: 87 | CL8: 92 | CM8: =AVERAGE(E8:I8) -> 90.4 | CN8: =J8 -> 90 | CO8: =CD8 -> 91 | CP8: =(CM8*4+CN8*3+CO8*3)/10 -> 90.46 | CQ8: =AVERAGE(K8:O8) -> 86.8 | CR8: =P8 -> 90 | CS8: =CE8 -> 85 | CT8: =(CQ8*4+CR8*3+CS8*3)/10 -> 87.22 | CU8: =AVERAGE(Q8:U8) -> 85.8 | CV8: =V8 -> 80 | CW8: =CF8 -> 85 | CX8: =(CU8*4+CV8*3+CW8*3)/10 -> 83.82 | CY8: =AVERAGE(W8:Z8) -> 83 | CZ8: =CY8 -> 83 | DA8: =AVERAGE(AA8:AD8) -> 82 | DB8: =DA8 -> 82 | DC8: =AVERAGE(AE8:AF8) -> 83 | DD8: =DC8 -> 83 | DE8: =AVERAGE(AG8:AJ8) -> 77 | DF8: =DE8 -> 77 | DG8: =AK8 -> 84 | DH8: =AL8 -> 80 | DI8: =CG8 -> 95 | DJ8: =(DG8*4+DH8*3+DI8*3)/10 -> 86.1 | DK8: =AVERAGE(AM8:AQ8) -> 77.2 | DL8: =AR8 -> 90 | DM8: =CH8 -> 83 | DN8: =(DK8*4+DL8*3+DM8*3)/10 -> 82.78 | DO8: =AVERAGE(AS8:AW8) -> 78.8 | DP8: =AX8 -> 90 | DQ8: =CI8 -> 83 | DR8: =(DO8*4+DP8*3+DQ8*3)/10 -> 83.42 | DS8: =AVERAGE(AY8:AZ8) -> 82 | DT8: =DS8 -> 82 | DU8: =AVERAGE(BA8:BB8) -> 82.5 | DV8: =DU8 -> 82.5 | DW8: =AVERAGE(BC8:BD8) -> 78 | DX8: =DW8 -> 78 | DY8: =AVERAGE(BQ8:BS8) -> 84.888889 | DZ8: =BT8 -> 90 | EA8: =CL8 -> 92 | EB8: =(DY8*4+DZ8*3+EA8*3)/10 -> 88.555556 | EC8: =AVERAGE(BU8:BW8) -> 90 | ED8: =BX8 -> 90 | EE8: =CK8 -> 87 | EF8: =(EC8*4+ED8*3+EE8*3)/10 -> 89.1 | EG8: =BY8 -> 88 | EH8: =AVERAGE(BZ8:CB8) -> 87.666667 | EI8: =CC8 -> 90 | EJ8: =CJ8 -> 85 | EK8: =(EH8*4+EI8*3+EJ8*3)/10 -> 87.566667 | EL8: =CP8 -> 90.46 | EM8: =CT8 -> 87.22 | EN8: =CX8 -> 83.82 | EO8: =CZ8 -> 83 | EP8: =DB8 -> 82 | EQ8: =DD8 -> 83 | ER8: =DF8 -> 77 | ES8: =DJ8 -> 86.1 | ET8: =DN8 -> 82.78 | EU8: =DR8 -> 83.42 | EV8: =DT8 -> 82 | EW8: =DV8 -> 82.5 | EX8: =DX8 -> 78 | EY8: =EB8 -> 88.555556 | EZ8: =EF8 -> 89.1 | FA8: =EG8 -> 88 | FB8: =EK8 -> 87.566667 | FC8: =AVERAGE(EL8:FB8) -> 84.38366
A9: 5 | B9: 0066257670 | C9: ARJUNA RAFI ABBAD | D9: 12 TKJ 1 | E9: 83 | F9: 85 | G9: 85 | H9: 84 | I9: 88 | J9: 85 | K9: 80 | L9: 79 | M9: 86 | N9: 80 | O9: 83 | P9: 83 | Q9: 83 | R9: 84 | S9: 89 | T9: 89 | U9: 86 | V9: 82 | W9: 80 | X9: 91 | Y9: 83 | Z9: 85 | AA9: 80 | AB9: 81 | AC9: 82 | AD9: 82 | AE9: 84 | AF9: 84 | AG9: 82 | AH9: 79 | AI9: 84 | AJ9: 79 | AK9: 81 | AL9: 82 | AM9: 79 | AN9: 80 | AO9: 84 | AP9: 83 | AQ9: 80 | AR9: 80 | AS9: 81 | AT9: 82 | AU9: 82 | AV9: 81 | AW9: 80 | AX9: 80 | AY9: 84 | AZ9: 82 | BA9: 85 | BB9: 89 | BC9: 83 | BD9: 85 | BE9: 83 | BF9: 85 | BG9: 86 | BH9: 81 | BI9: 89 | BJ9: 89 | BK9: 92 | BL9: 81 | BM9: 85 | BN9: 80 | BO9: 85 | BP9: 81 | BQ9: =AVERAGE(BE9,BI9,BM9) -> 85.666667 | BR9: =AVERAGE(BF9,BJ9,BN9) -> 84.666667 | BS9: =AVERAGE(BG9,BK9,BO9) -> 87.666667 | BT9: =AVERAGE(BH9,BL9,BP9) -> 81 | BU9: 86 | BV9: 87 | BW9: 89 | BX9: 81 | BY9: 82 | BZ9: 78 | CA9: 80 | CB9: 80 | CC9: 80 | CD9: 93 | CE9: 85 | CF9: 80 | CG9: 82 | CH9: 82 | CI9: 80 | CJ9: 87 | CK9: 84 | CL9: 70 | CM9: =AVERAGE(E9:I9) -> 85 | CN9: =J9 -> 85 | CO9: =CD9 -> 93 | CP9: =(CM9*4+CN9*3+CO9*3)/10 -> 87.4 | CQ9: =AVERAGE(K9:O9) -> 81.6 | CR9: =P9 -> 83 | CS9: =CE9 -> 85 | CT9: =(CQ9*4+CR9*3+CS9*3)/10 -> 83.04 | CU9: =AVERAGE(Q9:U9) -> 86.2 | CV9: =V9 -> 82 | CW9: =CF9 -> 80 | CX9: =(CU9*4+CV9*3+CW9*3)/10 -> 83.08 | CY9: =AVERAGE(W9:Z9) -> 84.75 | CZ9: =CY9 -> 84.75 | DA9: =AVERAGE(AA9:AD9) -> 81.25 | DB9: =DA9 -> 81.25 | DC9: =AVERAGE(AE9:AF9) -> 84 | DD9: =DC9 -> 84 | DE9: =AVERAGE(AG9:AJ9) -> 81 | DF9: =DE9 -> 81 | DG9: =AK9 -> 81 | DH9: =AL9 -> 82 | DI9: =CG9 -> 82 | DJ9: =(DG9*4+DH9*3+DI9*3)/10 -> 81.6 | DK9: =AVERAGE(AM9:AQ9) -> 81.2 | DL9: =AR9 -> 80 | DM9: =CH9 -> 82 | DN9: =(DK9*4+DL9*3+DM9*3)/10 -> 81.08 | DO9: =AVERAGE(AS9:AW9) -> 81.2 | DP9: =AX9 -> 80 | DQ9: =CI9 -> 80 | DR9: =(DO9*4+DP9*3+DQ9*3)/10 -> 80.48 | DS9: =AVERAGE(AY9:AZ9) -> 83 | DT9: =DS9 -> 83 | DU9: =AVERAGE(BA9:BB9) -> 87 | DV9: =DU9 -> 87 | DW9: =AVERAGE(BC9:BD9) -> 84 | DX9: =DW9 -> 84 | DY9: =AVERAGE(BQ9:BS9) -> 86 | DZ9: =BT9 -> 81 | EA9: =CL9 -> 70 | EB9: =(DY9*4+DZ9*3+EA9*3)/10 -> 79.7 | EC9: =AVERAGE(BU9:BW9) -> 87.333333 | ED9: =BX9 -> 81 | EE9: =CK9 -> 84 | EF9: =(EC9*4+ED9*3+EE9*3)/10 -> 84.433333 | EG9: =BY9 -> 82 | EH9: =AVERAGE(BZ9:CB9) -> 79.333333 | EI9: =CC9 -> 80 | EJ9: =CJ9 -> 87 | EK9: =(EH9*4+EI9*3+EJ9*3)/10 -> 81.833333 | EL9: =CP9 -> 87.4 | EM9: =CT9 -> 83.04 | EN9: =CX9 -> 83.08 | EO9: =CZ9 -> 84.75 | EP9: =DB9 -> 81.25 | EQ9: =DD9 -> 84 | ER9: =DF9 -> 81 | ES9: =DJ9 -> 81.6 | ET9: =DN9 -> 81.08 | EU9: =DR9 -> 80.48 | EV9: =DT9 -> 83 | EW9: =DV9 -> 87 | EX9: =DX9 -> 84 | EY9: =EB9 -> 79.7 | EZ9: =EF9 -> 84.433333 | FA9: =EG9 -> 82 | FB9: =EK9 -> 81.833333 | FC9: =AVERAGE(EL9:FB9) -> 82.920392
A10: 6 | B10: 0077051979 | C10: AULIYA AZZAHRA SALASATUN SALMA | D10: 12 TKJ 1 | E10: 84 | F10: 80 | G10: 88 | H10: 83 | I10: 84 | J10: 81 | K10: 89 | L10: 81 | M10: 76 | N10: 88 | O10: 91 | P10: 85 | Q10: 84 | R10: 76 | S10: 71 | T10: 78 | U10: 83 | V10: 80 | W10: 83 | X10: 84 | Y10: 80 | Z10: 85 | AA10: 81 | AB10: 80 | AC10: 80 | AD10: 83 | AE10: 82 | AF10: 83 | AG10: 79 | AH10: 70 | AI10: 71 | AJ10: 82 | AK10: 80 | AL10: 80 | AM10: 70 | AN10: 71 | AO10: 73 | AP10: 74 | AQ10: 77 | AR10: 80 | AS10: 73 | AT10: 79 | AU10: 83 | AV10: 83 | AW10: 83 | AX10: 80 | AY10: 75 | AZ10: 82 | BA10: 72 | BB10: 78 | BC10: 75 | BD10: 80 | BE10: 80 | BF10: 75 | BG10: 81 | BH10: 82 | BI10: 74 | BJ10: 75 | BK10: 77 | BL10: 82 | BM10: 78 | BN10: 77 | BO10: 84 | BP10: 82 | BQ10: =AVERAGE(BE10,BI10,BM10) -> 77.333333 | BR10: =AVERAGE(BF10,BJ10,BN10) -> 75.666667 | BS10: =AVERAGE(BG10,BK10,BO10) -> 80.666667 | BT10: =AVERAGE(BH10,BL10,BP10) -> 82 | BU10: 85 | BV10: 80 | BW10: 90 | BX10: 82 | BY10: 82 | BZ10: 76 | CA10: 87 | CB10: 74 | CC10: 80 | CD10: 81 | CE10: 85 | CF10: 80 | CG10: 70 | CH10: 78 | CI10: 83 | CJ10: 80 | CK10: 85 | CL10: 87 | CM10: =AVERAGE(E10:I10) -> 83.8 | CN10: =J10 -> 81 | CO10: =CD10 -> 81 | CP10: =(CM10*4+CN10*3+CO10*3)/10 -> 82.12 | CQ10: =AVERAGE(K10:O10) -> 85 | CR10: =P10 -> 85 | CS10: =CE10 -> 85 | CT10: =(CQ10*4+CR10*3+CS10*3)/10 -> 85 | CU10: =AVERAGE(Q10:U10) -> 78.4 | CV10: =V10 -> 80 | CW10: =CF10 -> 80 | CX10: =(CU10*4+CV10*3+CW10*3)/10 -> 79.36 | CY10: =AVERAGE(W10:Z10) -> 83 | CZ10: =CY10 -> 83 | DA10: =AVERAGE(AA10:AD10) -> 81 | DB10: =DA10 -> 81 | DC10: =AVERAGE(AE10:AF10) -> 82.5 | DD10: =DC10 -> 82.5 | DE10: =AVERAGE(AG10:AJ10) -> 75.5 | DF10: =DE10 -> 75.5 | DG10: =AK10 -> 80 | DH10: =AL10 -> 80 | DI10: =CG10 -> 70 | DJ10: =(DG10*4+DH10*3+DI10*3)/10 -> 77 | DK10: =AVERAGE(AM10:AQ10) -> 73 | DL10: =AR10 -> 80 | DM10: =CH10 -> 78 | DN10: =(DK10*4+DL10*3+DM10*3)/10 -> 76.6 | DO10: =AVERAGE(AS10:AW10) -> 80.2 | DP10: =AX10 -> 80 | DQ10: =CI10 -> 83 | DR10: =(DO10*4+DP10*3+DQ10*3)/10 -> 80.98 | DS10: =AVERAGE(AY10:AZ10) -> 78.5 | DT10: =DS10 -> 78.5 | DU10: =AVERAGE(BA10:BB10) -> 75 | DV10: =DU10 -> 75 | DW10: =AVERAGE(BC10:BD10) -> 77.5 | DX10: =DW10 -> 77.5 | DY10: =AVERAGE(BQ10:BS10) -> 77.888889 | DZ10: =BT10 -> 82 | EA10: =CL10 -> 87 | EB10: =(DY10*4+DZ10*3+EA10*3)/10 -> 81.855556 | EC10: =AVERAGE(BU10:BW10) -> 85 | ED10: =BX10 -> 82 | EE10: =CK10 -> 85 | EF10: =(EC10*4+ED10*3+EE10*3)/10 -> 84.1 | EG10: =BY10 -> 82 | EH10: =AVERAGE(BZ10:CB10) -> 79 | EI10: =CC10 -> 80 | EJ10: =CJ10 -> 80 | EK10: =(EH10*4+EI10*3+EJ10*3)/10 -> 79.6 | EL10: =CP10 -> 82.12 | EM10: =CT10 -> 85 | EN10: =CX10 -> 79.36 | EO10: =CZ10 -> 83 | EP10: =DB10 -> 81 | EQ10: =DD10 -> 82.5 | ER10: =DF10 -> 75.5 | ES10: =DJ10 -> 77 | ET10: =DN10 -> 76.6 | EU10: =DR10 -> 80.98 | EV10: =DT10 -> 78.5 | EW10: =DV10 -> 75 | EX10: =DX10 -> 77.5 | EY10: =EB10 -> 81.855556 | EZ10: =EF10 -> 84.1 | FA10: =EG10 -> 82 | FB10: =EK10 -> 79.6 | FC10: =AVERAGE(EL10:FB10) -> 80.095033
A11: 7 | B11: 0067309902 | C11: AY GRACE JIREHANAFI | D11: 12 TKJ 1 | E11: 95 | F11: 95 | G11: 89 | H11: 95 | I11: 92 | J11: 89 | K11: 82 | L11: 81 | M11: 95 | N11: 95 | O11: 95 | P11: 85 | Q11: 87 | R11: 87 | S11: 87 | T11: 90 | U11: 90 | V11: 84 | W11: 84 | X11: 86 | Y11: 84 | Z11: 86 | AA11: 84 | AB11: 85 | AC11: 85 | AD11: 86 | AE11: 84 | AF11: 83 | AG11: 81 | AH11: 80 | AI11: 70 | AJ11: 81 | AK11: 89 | AL11: 84 | AM11: 83 | AN11: 85 | AO11: 96 | AP11: 96 | AQ11: 95 | AR11: 87 | AS11: 80 | AT11: 86 | AU11: 83 | AV11: 85 | AW11: 83 | AX11: 87 | AY11: 92 | AZ11: 96 | BA11: 81 | BB11: 93 | BC11: 84 | BD11: 92 | BE11: 88 | BF11: 91 | BG11: 93 | BH11: 88 | BI11: 92 | BJ11: 90 | BK11: 92 | BL11: 88 | BM11: 80 | BN11: 88 | BO11: 86 | BP11: 88 | BQ11: =AVERAGE(BE11,BI11,BM11) -> 86.666667 | BR11: =AVERAGE(BF11,BJ11,BN11) -> 89.666667 | BS11: =AVERAGE(BG11,BK11,BO11) -> 90.333333 | BT11: =AVERAGE(BH11,BL11,BP11) -> 88 | BU11: 89 | BV11: 91 | BW11: 90 | BX11: 88 | BY11: 87 | BZ11: 84 | CA11: 95 | CB11: 93 | CC11: 87 | CD11: 90 | CE11: 95 | CF11: 90 | CG11: 90 | CH11: 94 | CI11: 88 | CJ11: 92 | CK11: 85 | CL11: 75 | CM11: =AVERAGE(E11:I11) -> 93.2 | CN11: =J11 -> 89 | CO11: =CD11 -> 90 | CP11: =(CM11*4+CN11*3+CO11*3)/10 -> 90.98 | CQ11: =AVERAGE(K11:O11) -> 89.6 | CR11: =P11 -> 85 | CS11: =CE11 -> 95 | CT11: =(CQ11*4+CR11*3+CS11*3)/10 -> 89.84 | CU11: =AVERAGE(Q11:U11) -> 88.2 | CV11: =V11 -> 84 | CW11: =CF11 -> 90 | CX11: =(CU11*4+CV11*3+CW11*3)/10 -> 87.48 | CY11: =AVERAGE(W11:Z11) -> 85 | CZ11: =CY11 -> 85 | DA11: =AVERAGE(AA11:AD11) -> 85 | DB11: =DA11 -> 85 | DC11: =AVERAGE(AE11:AF11) -> 83.5 | DD11: =DC11 -> 83.5 | DE11: =AVERAGE(AG11:AJ11) -> 78 | DF11: =DE11 -> 78 | DG11: =AK11 -> 89 | DH11: =AL11 -> 84 | DI11: =CG11 -> 90 | DJ11: =(DG11*4+DH11*3+DI11*3)/10 -> 87.8 | DK11: =AVERAGE(AM11:AQ11) -> 91 | DL11: =AR11 -> 87 | DM11: =CH11 -> 94 | DN11: =(DK11*4+DL11*3+DM11*3)/10 -> 90.7 | DO11: =AVERAGE(AS11:AW11) -> 83.4 | DP11: =AX11 -> 87 | DQ11: =CI11 -> 88 | DR11: =(DO11*4+DP11*3+DQ11*3)/10 -> 85.86 | DS11: =AVERAGE(AY11:AZ11) -> 94 | DT11: =DS11 -> 94 | DU11: =AVERAGE(BA11:BB11) -> 87 | DV11: =DU11 -> 87 | DW11: =AVERAGE(BC11:BD11) -> 88 | DX11: =DW11 -> 88 | DY11: =AVERAGE(BQ11:BS11) -> 88.888889 | DZ11: =BT11 -> 88 | EA11: =CL11 -> 75 | EB11: =(DY11*4+DZ11*3+EA11*3)/10 -> 84.455556 | EC11: =AVERAGE(BU11:BW11) -> 90 | ED11: =BX11 -> 88 | EE11: =CK11 -> 85 | EF11: =(EC11*4+ED11*3+EE11*3)/10 -> 87.9 | EG11: =BY11 -> 87 | EH11: =AVERAGE(BZ11:CB11) -> 90.666667 | EI11: =CC11 -> 87 | EJ11: =CJ11 -> 92 | EK11: =(EH11*4+EI11*3+EJ11*3)/10 -> 89.966667 | EL11: =CP11 -> 90.98 | EM11: =CT11 -> 89.84 | EN11: =CX11 -> 87.48 | EO11: =CZ11 -> 85 | EP11: =DB11 -> 85 | EQ11: =DD11 -> 83.5 | ER11: =DF11 -> 78 | ES11: =DJ11 -> 87.8 | ET11: =DN11 -> 90.7 | EU11: =DR11 -> 85.86 | EV11: =DT11 -> 94 | EW11: =DV11 -> 87 | EX11: =DX11 -> 88 | EY11: =EB11 -> 84.455556 | EZ11: =EF11 -> 87.9 | FA11: =EG11 -> 87 | FB11: =EK11 -> 89.966667 | FC11: =AVERAGE(EL11:FB11) -> 87.204837
A12: 8 | B12: 0079318854 | C12: AYUDIAH YETTI TRIARINI | D12: 12 TKJ 1 | E12: 92 | F12: 83 | G12: 90 | H12: 85 | I12: 91 | J12: 95 | K12: 81 | L12: 83 | M12: 85 | N12: 88 | O12: 92 | P12: 95 | Q12: 95 | R12: 87 | S12: 84 | T12: 84 | U12: 82 | V12: 87 | W12: 84 | X12: 84 | Y12: 82 | Z12: 85 | AA12: 75 | AB12: 83 | AC12: 85 | AD12: 86 | AE12: 83 | AF12: 82 | AG12: 80 | AH12: 75 | AI12: 72 | AJ12: 82 | AK12: 82 | AL12: 87 | AM12: 73 | AN12: 76 | AO12: 79 | AP12: 80 | AQ12: 81 | AR12: 90 | AS12: 77 | AT12: 83 | AU12: 78 | AV12: 83 | AW12: 78 | AX12: 90 | AY12: 87 | AZ12: 91 | BA12: 75 | BB12: 91 | BC12: 80 | BD12: 85 | BE12: 87 | BF12: 83 | BG12: 81 | BH12: 95 | BI12: 80 | BJ12: 82 | BK12: 88 | BL12: 95 | BM12: 79 | BN12: 80 | BO12: 84 | BP12: 95 | BQ12: =AVERAGE(BE12,BI12,BM12) -> 82 | BR12: =AVERAGE(BF12,BJ12,BN12) -> 81.666667 | BS12: =AVERAGE(BG12,BK12,BO12) -> 84.333333 | BT12: =AVERAGE(BH12,BL12,BP12) -> 95 | BU12: 88 | BV12: 88 | BW12: 90 | BX12: 95 | BY12: 92 | BZ12: 76 | CA12: 90 | CB12: 77 | CC12: 90 | CD12: 85 | CE12: 85 | CF12: 81 | CG12: 87 | CH12: 82 | CI12: 85 | CJ12: 90 | CK12: 87 | CL12: 90 | CM12: =AVERAGE(E12:I12) -> 88.2 | CN12: =J12 -> 95 | CO12: =CD12 -> 85 | CP12: =(CM12*4+CN12*3+CO12*3)/10 -> 89.28 | CQ12: =AVERAGE(K12:O12) -> 85.8 | CR12: =P12 -> 95 | CS12: =CE12 -> 85 | CT12: =(CQ12*4+CR12*3+CS12*3)/10 -> 88.32 | CU12: =AVERAGE(Q12:U12) -> 86.4 | CV12: =V12 -> 87 | CW12: =CF12 -> 81 | CX12: =(CU12*4+CV12*3+CW12*3)/10 -> 84.96 | CY12: =AVERAGE(W12:Z12) -> 83.75 | CZ12: =CY12 -> 83.75 | DA12: =AVERAGE(AA12:AD12) -> 82.25 | DB12: =DA12 -> 82.25 | DC12: =AVERAGE(AE12:AF12) -> 82.5 | DD12: =DC12 -> 82.5 | DE12: =AVERAGE(AG12:AJ12) -> 77.25 | DF12: =DE12 -> 77.25 | DG12: =AK12 -> 82 | DH12: =AL12 -> 87 | DI12: =CG12 -> 87 | DJ12: =(DG12*4+DH12*3+DI12*3)/10 -> 85 | DK12: =AVERAGE(AM12:AQ12) -> 77.8 | DL12: =AR12 -> 90 | DM12: =CH12 -> 82 | DN12: =(DK12*4+DL12*3+DM12*3)/10 -> 82.72 | DO12: =AVERAGE(AS12:AW12) -> 79.8 | DP12: =AX12 -> 90 | DQ12: =CI12 -> 85 | DR12: =(DO12*4+DP12*3+DQ12*3)/10 -> 84.42 | DS12: =AVERAGE(AY12:AZ12) -> 89 | DT12: =DS12 -> 89 | DU12: =AVERAGE(BA12:BB12) -> 83 | DV12: =DU12 -> 83 | DW12: =AVERAGE(BC12:BD12) -> 82.5 | DX12: =DW12 -> 82.5 | DY12: =AVERAGE(BQ12:BS12) -> 82.666667 | DZ12: =BT12 -> 95 | EA12: =CL12 -> 90 | EB12: =(DY12*4+DZ12*3+EA12*3)/10 -> 88.566667 | EC12: =AVERAGE(BU12:BW12) -> 88.666667 | ED12: =BX12 -> 95 | EE12: =CK12 -> 87 | EF12: =(EC12*4+ED12*3+EE12*3)/10 -> 90.066667 | EG12: =BY12 -> 92 | EH12: =AVERAGE(BZ12:CB12) -> 81 | EI12: =CC12 -> 90 | EJ12: =CJ12 -> 90 | EK12: =(EH12*4+EI12*3+EJ12*3)/10 -> 86.4 | EL12: =CP12 -> 89.28 | EM12: =CT12 -> 88.32 | EN12: =CX12 -> 84.96 | EO12: =CZ12 -> 83.75 | EP12: =DB12 -> 82.25 | EQ12: =DD12 -> 82.5 | ER12: =DF12 -> 77.25 | ES12: =DJ12 -> 85 | ET12: =DN12 -> 82.72 | EU12: =DR12 -> 84.42 | EV12: =DT12 -> 89 | EW12: =DV12 -> 83 | EX12: =DX12 -> 82.5 | EY12: =EB12 -> 88.566667 | EZ12: =EF12 -> 90.066667 | FA12: =EG12 -> 92 | FB12: =EK12 -> 86.4 | FC12: =AVERAGE(EL12:FB12) -> 85.410784
A13: 9 | B13: 0071152117 | C13: B'RIEW ONGARTA KAYANA | D13: 12 TKJ 1 | E13: 95 | F13: 95 | G13: 90 | H13: 87 | I13: 91 | J13: 89 | K13: 87 | L13: 89 | M13: 95 | N13: 95 | O13: 95 | P13: 89 | Q13: 87 | R13: 89 | S13: 88 | T13: 92 | U13: 92 | V13: 89 | W13: 84 | X13: 86 | Y13: 84 | Z13: 86 | AA13: 88 | AB13: 85 | AC13: 85 | AD13: 87 | AE13: 84 | AF13: 84 | AG13: 83 | AH13: 80 | AI13: 76 | AJ13: 84 | AK13: 90 | AL13: 89 | AM13: 91 | AN13: 93 | AO13: 96 | AP13: 96 | AQ13: 94 | AR13: 79 | AS13: 77 | AT13: 85 | AU13: 82 | AV13: 88 | AW13: 85 | AX13: 79 | AY13: 92 | AZ13: 98 | BA13: 88 | BB13: 94 | BC13: 88 | BD13: 92 | BE13: 87 | BF13: 90 | BG13: 93 | BH13: 84 | BI13: 92 | BJ13: 91 | BK13: 92 | BL13: 84 | BM13: 80 | BN13: 90 | BO13: 87 | BP13: 84 | BQ13: =AVERAGE(BE13,BI13,BM13) -> 86.333333 | BR13: =AVERAGE(BF13,BJ13,BN13) -> 90.333333 | BS13: =AVERAGE(BG13,BK13,BO13) -> 90.666667 | BT13: =AVERAGE(BH13,BL13,BP13) -> 84 | BU13: 86 | BV13: 86 | BW13: 90 | BX13: 84 | BY13: 86 | BZ13: 85 | CA13: 95 | CB13: 94 | CC13: 79 | CD13: 91 | CE13: 95 | CF13: 92 | CG13: 95 | CH13: 95 | CI13: 88 | CJ13: 92 | CK13: 87 | CL13: 92 | CM13: =AVERAGE(E13:I13) -> 91.6 | CN13: =J13 -> 89 | CO13: =CD13 -> 91 | CP13: =(CM13*4+CN13*3+CO13*3)/10 -> 90.64 | CQ13: =AVERAGE(K13:O13) -> 92.2 | CR13: =P13 -> 89 | CS13: =CE13 -> 95 | CT13: =(CQ13*4+CR13*3+CS13*3)/10 -> 92.08 | CU13: =AVERAGE(Q13:U13) -> 89.6 | CV13: =V13 -> 89 | CW13: =CF13 -> 92 | CX13: =(CU13*4+CV13*3+CW13*3)/10 -> 90.14 | CY13: =AVERAGE(W13:Z13) -> 85 | CZ13: =CY13 -> 85 | DA13: =AVERAGE(AA13:AD13) -> 86.25 | DB13: =DA13 -> 86.25 | DC13: =AVERAGE(AE13:AF13) -> 84 | DD13: =DC13 -> 84 | DE13: =AVERAGE(AG13:AJ13) -> 80.75 | DF13: =DE13 -> 80.75 | DG13: =AK13 -> 90 | DH13: =AL13 -> 89 | DI13: =CG13 -> 95 | DJ13: =(DG13*4+DH13*3+DI13*3)/10 -> 91.2 | DK13: =AVERAGE(AM13:AQ13) -> 94 | DL13: =AR13 -> 79 | DM13: =CH13 -> 95 | DN13: =(DK13*4+DL13*3+DM13*3)/10 -> 89.8 | DO13: =AVERAGE(AS13:AW13) -> 83.4 | DP13: =AX13 -> 79 | DQ13: =CI13 -> 88 | DR13: =(DO13*4+DP13*3+DQ13*3)/10 -> 83.46 | DS13: =AVERAGE(AY13:AZ13) -> 95 | DT13: =DS13 -> 95 | DU13: =AVERAGE(BA13:BB13) -> 91 | DV13: =DU13 -> 91 | DW13: =AVERAGE(BC13:BD13) -> 90 | DX13: =DW13 -> 90 | DY13: =AVERAGE(BQ13:BS13) -> 89.111111 | DZ13: =BT13 -> 84 | EA13: =CL13 -> 92 | EB13: =(DY13*4+DZ13*3+EA13*3)/10 -> 88.444444 | EC13: =AVERAGE(BU13:BW13) -> 87.333333 | ED13: =BX13 -> 84 | EE13: =CK13 -> 87 | EF13: =(EC13*4+ED13*3+EE13*3)/10 -> 86.233333 | EG13: =BY13 -> 86 | EH13: =AVERAGE(BZ13:CB13) -> 91.333333 | EI13: =CC13 -> 79 | EJ13: =CJ13 -> 92 | EK13: =(EH13*4+EI13*3+EJ13*3)/10 -> 87.833333 | EL13: =CP13 -> 90.64 | EM13: =CT13 -> 92.08 | EN13: =CX13 -> 90.14 | EO13: =CZ13 -> 85 | EP13: =DB13 -> 86.25 | EQ13: =DD13 -> 84 | ER13: =DF13 -> 80.75 | ES13: =DJ13 -> 91.2 | ET13: =DN13 -> 89.8 | EU13: =DR13 -> 83.46 | EV13: =DT13 -> 95 | EW13: =DV13 -> 91 | EX13: =DX13 -> 90 | EY13: =EB13 -> 88.444444 | EZ13: =EF13 -> 86.233333 | FA13: =EG13 -> 86 | FB13: =EK13 -> 87.833333 | FC13: =AVERAGE(EL13:FB13) -> 88.107712
A14: 10 | B14: 0073896303 | C14: CALSABIIKHA VIDIA WIENDI | D14: 12 TKJ 1 | E14: 94 | F14: 89 | G14: 89 | H14: 87 | I14: 90 | J14: 95 | K14: 81 | L14: 81 | M14: 84 | N14: 95 | O14: 95 | P14: 95 | Q14: 86 | R14: 85 | S14: 86 | T14: 87 | U14: 82 | V14: 90 | W14: 83 | X14: 84 | Y14: 81 | Z14: 85 | AA14: 77 | AB14: 84 | AC14: 82 | AD14: 84 | AE14: 83 | AF14: 83 | AG14: 77 | AH14: 80 | AI14: 72 | AJ14: 83 | AK14: 83 | AL14: 90 | AM14: 74 | AN14: 75 | AO14: 75 | AP14: 76 | AQ14: 80 | AR14: 95 | AS14: 86 | AT14: 88 | AU14: 85 | AV14: 88 | AW14: 85 | AX14: 95 | AY14: 83 | AZ14: 88 | BA14: 82 | BB14: 93 | BC14: 78 | BD14: 85 | BE14: 88 | BF14: 89 | BG14: 81 | BH14: 95 | BI14: 86 | BJ14: 87 | BK14: 88 | BL14: 95 | BM14: 78 | BN14: 78 | BO14: 85 | BP14: 95 | BQ14: =AVERAGE(BE14,BI14,BM14) -> 84 | BR14: =AVERAGE(BF14,BJ14,BN14) -> 84.666667 | BS14: =AVERAGE(BG14,BK14,BO14) -> 84.666667 | BT14: =AVERAGE(BH14,BL14,BP14) -> 95 | BU14: 87 | BV14: 87 | BW14: 89 | BX14: 95 | BY14: 94 | BZ14: 85 | CA14: 93 | CB14: 80 | CC14: 95 | CD14: 88 | CE14: 90 | CF14: 80 | CG14: 90 | CH14: 80 | CI14: 88 | CJ14: 85 | CK14: 85 | CL14: 95 | CM14: =AVERAGE(E14:I14) -> 89.8 | CN14: =J14 -> 95 | CO14: =CD14 -> 88 | CP14: =(CM14*4+CN14*3+CO14*3)/10 -> 90.82 | CQ14: =AVERAGE(K14:O14) -> 87.2 | CR14: =P14 -> 95 | CS14: =CE14 -> 90 | CT14: =(CQ14*4+CR14*3+CS14*3)/10 -> 90.38 | CU14: =AVERAGE(Q14:U14) -> 85.2 | CV14: =V14 -> 90 | CW14: =CF14 -> 80 | CX14: =(CU14*4+CV14*3+CW14*3)/10 -> 85.08 | CY14: =AVERAGE(W14:Z14) -> 83.25 | CZ14: =CY14 -> 83.25 | DA14: =AVERAGE(AA14:AD14) -> 81.75 | DB14: =DA14 -> 81.75 | DC14: =AVERAGE(AE14:AF14) -> 83 | DD14: =DC14 -> 83 | DE14: =AVERAGE(AG14:AJ14) -> 78 | DF14: =DE14 -> 78 | DG14: =AK14 -> 83 | DH14: =AL14 -> 90 | DI14: =CG14 -> 90 | DJ14: =(DG14*4+DH14*3+DI14*3)/10 -> 87.2 | DK14: =AVERAGE(AM14:AQ14) -> 76 | DL14: =AR14 -> 95 | DM14: =CH14 -> 80 | DN14: =(DK14*4+DL14*3+DM14*3)/10 -> 82.9 | DO14: =AVERAGE(AS14:AW14) -> 86.4 | DP14: =AX14 -> 95 | DQ14: =CI14 -> 88 | DR14: =(DO14*4+DP14*3+DQ14*3)/10 -> 89.46 | DS14: =AVERAGE(AY14:AZ14) -> 85.5 | DT14: =DS14 -> 85.5 | DU14: =AVERAGE(BA14:BB14) -> 87.5 | DV14: =DU14 -> 87.5 | DW14: =AVERAGE(BC14:BD14) -> 81.5 | DX14: =DW14 -> 81.5 | DY14: =AVERAGE(BQ14:BS14) -> 84.444444 | DZ14: =BT14 -> 95 | EA14: =CL14 -> 95 | EB14: =(DY14*4+DZ14*3+EA14*3)/10 -> 90.777778 | EC14: =AVERAGE(BU14:BW14) -> 87.666667 | ED14: =BX14 -> 95 | EE14: =CK14 -> 85 | EF14: =(EC14*4+ED14*3+EE14*3)/10 -> 89.066667 | EG14: =BY14 -> 94 | EH14: =AVERAGE(BZ14:CB14) -> 86 | EI14: =CC14 -> 95 | EJ14: =CJ14 -> 85 | EK14: =(EH14*4+EI14*3+EJ14*3)/10 -> 88.4 | EL14: =CP14 -> 90.82 | EM14: =CT14 -> 90.38 | EN14: =CX14 -> 85.08 | EO14: =CZ14 -> 83.25 | EP14: =DB14 -> 81.75 | EQ14: =DD14 -> 83 | ER14: =DF14 -> 78 | ES14: =DJ14 -> 87.2 | ET14: =DN14 -> 82.9 | EU14: =DR14 -> 89.46 | EV14: =DT14 -> 85.5 | EW14: =DV14 -> 87.5 | EX14: =DX14 -> 81.5 | EY14: =EB14 -> 90.777778 | EZ14: =EF14 -> 89.066667 | FA14: =EG14 -> 94 | FB14: =EK14 -> 88.4 | FC14: =AVERAGE(EL14:FB14) -> 86.38732
A15: 11 | B15: 0068217242 | C15: CINTHYA AYU VINASIH PURNOMO | D15: 12 TKJ 1 | E15: 80 | F15: 82 | G15: 85 | H15: 81 | I15: 83 | J15: 78 | K15: 77 | L15: 79 | M15: 83 | N15: 73 | O15: 75 | P15: 79 | Q15: 80 | R15: 78 | S15: 84 | T15: 72 | U15: 80 | V15: 86 | W15: 82 | X15: 83 | Y15: 78 | Z15: 84 | AA15: 79 | AB15: 79 | AC15: 70 | AD15: 71 | AE15: 82 | AF15: 81 | AG15: 75 | AH15: 77 | AI15: 73 | AJ15: 84 | AK15: 80 | AL15: 86 | AM15: 70 | AN15: 70 | AO15: 72 | AP15: 73 | AQ15: 79 | AR15: 78 | AS15: 74 | AT15: 76 | AU15: 78 | AV15: 75 | AW15: 77 | AX15: 78 | AY15: 76 | AZ15: 85 | BA15: 74 | BB15: 78 | BC15: 78 | BD15: 77 | BE15: 76 | BF15: 70 | BG15: 78 | BH15: 84 | BI15: 74 | BJ15: 70 | BK15: 80 | BL15: 84 | BM15: 78 | BN15: 77 | BO15: 80 | BP15: 84 | BQ15: =AVERAGE(BE15,BI15,BM15) -> 76 | BR15: =AVERAGE(BF15,BJ15,BN15) -> 72.333333 | BS15: =AVERAGE(BG15,BK15,BO15) -> 79.333333 | BT15: =AVERAGE(BH15,BL15,BP15) -> 84 | BU15: 85 | BV15: 80 | BW15: 80 | BX15: 84 | BY15: 81 | BZ15: 71 | CA15: 76 | CB15: 73 | CC15: 78 | CD15: 86 | CE15: 75 | CF15: 80 | CG15: 70 | CH15: 78 | CI15: 80 | CJ15: 80 | CK15: 88 | CL15: 87 | CM15: =AVERAGE(E15:I15) -> 82.2 | CN15: =J15 -> 78 | CO15: =CD15 -> 86 | CP15: =(CM15*4+CN15*3+CO15*3)/10 -> 82.08 | CQ15: =AVERAGE(K15:O15) -> 77.4 | CR15: =P15 -> 79 | CS15: =CE15 -> 75 | CT15: =(CQ15*4+CR15*3+CS15*3)/10 -> 77.16 | CU15: =AVERAGE(Q15:U15) -> 78.8 | CV15: =V15 -> 86 | CW15: =CF15 -> 80 | CX15: =(CU15*4+CV15*3+CW15*3)/10 -> 81.32 | CY15: =AVERAGE(W15:Z15) -> 81.75 | CZ15: =CY15 -> 81.75 | DA15: =AVERAGE(AA15:AD15) -> 74.75 | DB15: =DA15 -> 74.75 | DC15: =AVERAGE(AE15:AF15) -> 81.5 | DD15: =DC15 -> 81.5 | DE15: =AVERAGE(AG15:AJ15) -> 77.25 | DF15: =DE15 -> 77.25 | DG15: =AK15 -> 80 | DH15: =AL15 -> 86 | DI15: =CG15 -> 70 | DJ15: =(DG15*4+DH15*3+DI15*3)/10 -> 78.8 | DK15: =AVERAGE(AM15:AQ15) -> 72.8 | DL15: =AR15 -> 78 | DM15: =CH15 -> 78 | DN15: =(DK15*4+DL15*3+DM15*3)/10 -> 75.92 | DO15: =AVERAGE(AS15:AW15) -> 76 | DP15: =AX15 -> 78 | DQ15: =CI15 -> 80 | DR15: =(DO15*4+DP15*3+DQ15*3)/10 -> 77.8 | DS15: =AVERAGE(AY15:AZ15) -> 80.5 | DT15: =DS15 -> 80.5 | DU15: =AVERAGE(BA15:BB15) -> 76 | DV15: =DU15 -> 76 | DW15: =AVERAGE(BC15:BD15) -> 77.5 | DX15: =DW15 -> 77.5 | DY15: =AVERAGE(BQ15:BS15) -> 75.888889 | DZ15: =BT15 -> 84 | EA15: =CL15 -> 87 | EB15: =(DY15*4+DZ15*3+EA15*3)/10 -> 81.655556 | EC15: =AVERAGE(BU15:BW15) -> 81.666667 | ED15: =BX15 -> 84 | EE15: =CK15 -> 88 | EF15: =(EC15*4+ED15*3+EE15*3)/10 -> 84.266667 | EG15: =BY15 -> 81 | EH15: =AVERAGE(BZ15:CB15) -> 73.333333 | EI15: =CC15 -> 78 | EJ15: =CJ15 -> 80 | EK15: =(EH15*4+EI15*3+EJ15*3)/10 -> 76.733333 | EL15: =CP15 -> 82.08 | EM15: =CT15 -> 77.16 | EN15: =CX15 -> 81.32 | EO15: =CZ15 -> 81.75 | EP15: =DB15 -> 74.75 | EQ15: =DD15 -> 81.5 | ER15: =DF15 -> 77.25 | ES15: =DJ15 -> 78.8 | ET15: =DN15 -> 75.92 | EU15: =DR15 -> 77.8 | EV15: =DT15 -> 80.5 | EW15: =DV15 -> 76 | EX15: =DX15 -> 77.5 | EY15: =EB15 -> 81.655556 | EZ15: =EF15 -> 84.266667 | FA15: =EG15 -> 81 | FB15: =EK15 -> 76.733333 | FC15: =AVERAGE(EL15:FB15) -> 79.175621
A16: 12 | B16: 0069010815 | C16: DAFFA RIZKI AZZIKRA | D16: 12 TKJ 1 | E16: 87 | F16: 90 | G16: 89 | H16: 85 | I16: 82 | J16: 80 | K16: 87 | L16: 82 | M16: 95 | N16: 92 | O16: 90 | P16: 80 | Q16: 87 | R16: 79 | S16: 81 | T16: 80 | U16: 80 | V16: 80 | W16: 82 | X16: 85 | Y16: 81 | Z16: 85 | AA16: 85 | AB16: 86 | AC16: 83 | AD16: 83 | AE16: 81 | AF16: 82 | AG16: 77 | AH16: 79 | AI16: 73 | AJ16: 84 | AK16: 80 | AL16: 80 | AM16: 76 | AN16: 76 | AO16: 73 | AP16: 74 | AQ16: 80 | AR16: 79 | AS16: 75 | AT16: 80 | AU16: 84 | AV16: 80 | AW16: 84 | AX16: 79 | AY16: 83 | AZ16: 83 | BA16: 75 | BB16: 78 | BC16: 83 | BD16: 82 | BE16: 82 | BF16: 85 | BG16: 80 | BH16: 79 | BI16: 83 | BJ16: 86 | BK16: 80 | BL16: 79 | BM16: 78 | BN16: 77 | BO16: 82 | BP16: 79 | BQ16: =AVERAGE(BE16,BI16,BM16) -> 81 | BR16: =AVERAGE(BF16,BJ16,BN16) -> 82.666667 | BS16: =AVERAGE(BG16,BK16,BO16) -> 80.666667 | BT16: =AVERAGE(BH16,BL16,BP16) -> 79 | BU16: 86 | BV16: 86 | BW16: 89 | BX16: 79 | BY16: 80 | BZ16: 77 | CA16: 87 | CB16: 80 | CC16: 79 | CD16: 81 | CE16: 95 | CF16: 75 | CG16: 90 | CH16: 78 | CI16: 85 | CJ16: 80 | CK16: 92 | CL16: 97 | CM16: =AVERAGE(E16:I16) -> 86.6 | CN16: =J16 -> 80 | CO16: =CD16 -> 81 | CP16: =(CM16*4+CN16*3+CO16*3)/10 -> 82.94 | CQ16: =AVERAGE(K16:O16) -> 89.2 | CR16: =P16 -> 80 | CS16: =CE16 -> 95 | CT16: =(CQ16*4+CR16*3+CS16*3)/10 -> 88.18 | CU16: =AVERAGE(Q16:U16) -> 81.4 | CV16: =V16 -> 80 | CW16: =CF16 -> 75 | CX16: =(CU16*4+CV16*3+CW16*3)/10 -> 79.06 | CY16: =AVERAGE(W16:Z16) -> 83.25 | CZ16: =CY16 -> 83.25 | DA16: =AVERAGE(AA16:AD16) -> 84.25 | DB16: =DA16 -> 84.25 | DC16: =AVERAGE(AE16:AF16) -> 81.5 | DD16: =DC16 -> 81.5 | DE16: =AVERAGE(AG16:AJ16) -> 78.25 | DF16: =DE16 -> 78.25 | DG16: =AK16 -> 80 | DH16: =AL16 -> 80 | DI16: =CG16 -> 90 | DJ16: =(DG16*4+DH16*3+DI16*3)/10 -> 83 | DK16: =AVERAGE(AM16:AQ16) -> 75.8 | DL16: =AR16 -> 79 | DM16: =CH16 -> 78 | DN16: =(DK16*4+DL16*3+DM16*3)/10 -> 77.42 | DO16: =AVERAGE(AS16:AW16) -> 80.6 | DP16: =AX16 -> 79 | DQ16: =CI16 -> 85 | DR16: =(DO16*4+DP16*3+DQ16*3)/10 -> 81.44 | DS16: =AVERAGE(AY16:AZ16) -> 83 | DT16: =DS16 -> 83 | DU16: =AVERAGE(BA16:BB16) -> 76.5 | DV16: =DU16 -> 76.5 | DW16: =AVERAGE(BC16:BD16) -> 82.5 | DX16: =DW16 -> 82.5 | DY16: =AVERAGE(BQ16:BS16) -> 81.444444 | DZ16: =BT16 -> 79 | EA16: =CL16 -> 97 | EB16: =(DY16*4+DZ16*3+EA16*3)/10 -> 85.377778 | EC16: =AVERAGE(BU16:BW16) -> 87 | ED16: =BX16 -> 79 | EE16: =CK16 -> 92 | EF16: =(EC16*4+ED16*3+EE16*3)/10 -> 86.1 | EG16: =BY16 -> 80 | EH16: =AVERAGE(BZ16:CB16) -> 81.333333 | EI16: =CC16 -> 79 | EJ16: =CJ16 -> 80 | EK16: =(EH16*4+EI16*3+EJ16*3)/10 -> 80.233333 | EL16: =CP16 -> 82.94 | EM16: =CT16 -> 88.18 | EN16: =CX16 -> 79.06 | EO16: =CZ16 -> 83.25 | EP16: =DB16 -> 84.25 | EQ16: =DD16 -> 81.5 | ER16: =DF16 -> 78.25 | ES16: =DJ16 -> 83 | ET16: =DN16 -> 77.42 | EU16: =DR16 -> 81.44 | EV16: =DT16 -> 83 | EW16: =DV16 -> 76.5 | EX16: =DX16 -> 82.5 | EY16: =EB16 -> 85.377778 | EZ16: =EF16 -> 86.1 | FA16: =EG16 -> 80 | FB16: =EK16 -> 80.233333 | FC16: =AVERAGE(EL16:FB16) -> 81.941242
... A111: 107 | B111: 0075424499 | C111: WIDIA SARI | D111: 12 TKJ 3 | E111: 96 | F111: 92 | G111: 88 | H111: 86 | I111: 88 | J111: 85 | K111: 80 | L111: 80 | M111: 89 | N111: 90 | O111: 90 | P111: 89 | Q111: 89 | R111: 84 | S111: 88 | T111: 91 | U111: 88 | V111: 85 | W111: 80 | X111: 84 | Y111: 81 | Z111: 84 | AA111: 79 | AB111: 88 | AC111: 85 | AD111: 82 | AE111: 83 | AF111: 86 | AG111: 87 | AH111: 84 | AI111: 79 | AJ111: 82 | AK111: 85 | AL111: 85 | AM111: 76 | AN111: 78 | AO111: 75 | AP111: 76 | AQ111: 83 | AR111: 89 | AS111: 74 | AT111: 80 | AU111: 83 | AV111: 84 | AW111: 80 | AX111: 89 | AY111: 87 | AZ111: 93 | BA111: 83 | BB111: 91 | BC111: 75 | BD111: 83 | BE111: 85 | BF111: 86 | BG111: 81 | BH111: 87 | BI111: 89 | BJ111: 85 | BK111: 88 | BL111: 87 | BM111: 70 | BN111: 79 | BO111: 82 | BP111: 87 | BQ111: =AVERAGE(BE111,BI111,BM111) -> 81.333333 | BR111: =AVERAGE(BF111,BJ111,BN111) -> 83.333333 | BS111: =AVERAGE(BG111,BK111,BO111) -> 83.666667 | BT111: =AVERAGE(BH111,BL111,BP111) -> 87 | BU111: 88 | BV111: 86 | BW111: 84 | BX111: 87 | BY111: 87 | BZ111: 78 | CA111: 85 | CB111: 77 | CC111: 89 | CD111: 88 | CE111: 88 | CF111: 84 | CG111: 85 | CH111: 82 | CI111: 80 | CJ111: 80 | CK111: 78 | CL111: 80 | CM111: =AVERAGE(E111:I111) -> 90 | CN111: =J111 -> 85 | CO111: =CD111 -> 88 | CP111: =(CM111*4+CN111*3+CO111*3)/10 -> 87.9 | CQ111: =AVERAGE(K111:O111) -> 85.8 | CR111: =P111 -> 89 | CS111: =CE111 -> 88 | CT111: =(CQ111*4+CR111*3+CS111*3)/10 -> 87.42 | CU111: =AVERAGE(Q111:U111) -> 88 | CV111: =V111 -> 85 | CW111: =CF111 -> 84 | CX111: =(CU111*4+CV111*3+CW111*3)/10 -> 85.9 | CY111: =AVERAGE(W111:Z111) -> 82.25 | CZ111: =CY111 -> 82.25 | DA111: =AVERAGE(AA111:AD111) -> 83.5 | DB111: =DA111 -> 83.5 | DC111: =AVERAGE(AE111:AF111) -> 84.5 | DD111: =DC111 -> 84.5 | DE111: =AVERAGE(AG111:AJ111) -> 83 | DF111: =DE111 -> 83 | DG111: =AK111 -> 85 | DH111: =AL111 -> 85 | DI111: =CG111 -> 85 | DJ111: =(DG111*4+DH111*3+DI111*3)/10 -> 85 | DK111: =AVERAGE(AM111:AQ111) -> 77.6 | DL111: =AR111 -> 89 | DM111: =CH111 -> 82 | DN111: =(DK111*4+DL111*3+DM111*3)/10 -> 82.34 | DO111: =AVERAGE(AS111:AW111) -> 80.2 | DP111: =AX111 -> 89 | DQ111: =CI111 -> 80 | DR111: =(DO111*4+DP111*3+DQ111*3)/10 -> 82.78 | DS111: =AVERAGE(AY111:AZ111) -> 90 | DT111: =DS111 -> 90 | DU111: =AVERAGE(BA111:BB111) -> 87 | DV111: =DU111 -> 87 | DW111: =AVERAGE(BC111:BD111) -> 79 | DX111: =DW111 -> 79 | DY111: =AVERAGE(BQ111:BS111) -> 82.777778 | DZ111: =BT111 -> 87 | EA111: =CL111 -> 80 | EB111: =(DY111*4+DZ111*3+EA111*3)/10 -> 83.211111 | EC111: =AVERAGE(BU111:BW111) -> 86 | ED111: =BX111 -> 87 | EE111: =CK111 -> 78 | EF111: =(EC111*4+ED111*3+EE111*3)/10 -> 83.9 | EG111: =BY111 -> 87 | EH111: =AVERAGE(BZ111:CB111) -> 80 | EI111: =CC111 -> 89 | EJ111: =CJ111 -> 80 | EK111: =(EH111*4+EI111*3+EJ111*3)/10 -> 82.7 | EL111: =CP111 -> 87.9 | EM111: =CT111 -> 87.42 | EN111: =CX111 -> 85.9 | EO111: =CZ111 -> 82.25 | EP111: =DB111 -> 83.5 | EQ111: =DD111 -> 84.5 | ER111: =DF111 -> 83 | ES111: =DJ111 -> 85 | ET111: =DN111 -> 82.34 | EU111: =DR111 -> 82.78 | EV111: =DT111 -> 90 | EW111: =DV111 -> 87 | EX111: =DX111 -> 79 | EY111: =EB111 -> 83.211111 | EZ111: =EF111 -> 83.9 | FA111: =EG111 -> 87 | FB111: =EK111 -> 82.7 | FC111: =AVERAGE(EL111:FB111) -> 84.553007

Sheet 12 TKJ
A1: PENGOLAHAN NILAI UJIAN SATUAN PENDIDIKAN
A2: TAHUN PELAJARAN 2024 / 2025
A4: NAMA SEKOLAH | D4: : SMKS TINTA EMAS INDONESIA
A5: ALAMAT | D5: : JL. ASEM RAYA NO.1 KP. CIKETING KEL./KEC. MUSTIKA JAYA KOTA BEKASI 17158
A8: NOMOR | B8: NIS | C8: NAMA SISWA | E8: MATA PELAJARAN UMUM | K8: MUATAN LOKAL | M8: MATA PELAJARAN KEJURUAN | V8: NILAI RATA-RATA
D9: JENIS NILAI | E9: Pend. Agama dan Budi Pekerti | F9: PendIdikan Pancasila | G9: Bahasa Indonesia | H9: Pendidikan Jasmani, Olah Raga dan Kesehatan | I9: Sejarah | J9: Seni Budaya | K9: Bahasa Sunda | L9: Publik Speaking | M9: Matematika | N9: Bahasa Inggris | O9: Informatika | P9: IPAS | Q9: Dasar-Dasar Program Keahlian | R9: Konsentrasi Keahlian | S9: Projek Kreatif dan Kewirausahaan | T9: Praktek Kerja Lapangan | U9: Mata Pelajaran Pilihan (Bahasa Jepang)
AB10: 49
AB11: 12
A12: 1 | B12: 222310055 | C12: ADINDA DWI RAHMADANI | D12: SMT 1 | E12: =tkj!$E$5 -> 84 | F12: =tkj!$K$5 -> 84 | G12: =tkj!$Q$5 -> 86 | H12: =tkj!$W$5 -> 82 | I12: =tkj!$AA$5 -> 77 | J12: =tkj!$AE$5 -> 82 | K12: =tkj!$AG$5 -> 77 | M12: =tkj!$AM$5 -> 74 | N12: =tkj!$AS$5 -> 77 | O12: =tkj!$AY$5 -> 79 | P12: =tkj!$BA$5 -> 72 | Q12: =tkj!$BC$5 -> 79 | X12: 5 | AB12: 44
D13: SMT 2 | E13: =tkj!$F$5 -> 86 | F13: =tkj!$L$5 -> 79 | G13: =tkj!$R$5 -> 83 | H13: =tkj!$X$5 -> 84 | I13: =tkj!$AB$5 -> 80 | J13: =tkj!$AF$5 -> 83 | K13: =tkj!$AH$5 -> 80 | M13: =tkj!$AN$5 -> 71 | N13: =tkj!$AT$5 -> 80 | O13: =tkj!$AZ$5 -> 79 | P13: =tkj!$BB$5 -> 78 | Q13: =tkj!$BD$5 -> 78 | X13: 5 | AB13: 34
D14: SMT 3 | E14: =tkj!$G$5 -> 90 | F14: =tkj!$M$5 -> 70 | G14: =tkj!$S$5 -> 70 | H14: =tkj!$Y$5 -> 80 | I14: =tkj!$AC$5 -> 80 | K14: =tkj!$AI$5 -> 70 | M14: =tkj!$AO$5 -> 73 | N14: =tkj!$AU$5 -> 82 | R14: =tkj!$BQ$5 -> 82.333333 | S14: =tkj!$BU$5 -> 87 | U14: =tkj!$BZ$5 -> 71 | X14: 5 | AB14: 33
D15: SMT 4 | E15: =tkj!$H$5 -> 83 | F15: =tkj!$N$5 -> 89 | G15: =tkj!$T$5 -> 75 | H15: =tkj!$Z$5 -> 84 | I15: =tkj!$AD$5 -> 81 | K15: =tkj!$AJ$5 -> 84 | M15: =tkj!$AP$5 -> 74 | N15: =tkj!$AV$5 -> 80 | R15: =tkj!$BR$5 -> 80.333333 | S15: =tkj!$BV$5 -> 84 | U15: =tkj!$CA$5 -> 80 | X15: 5 | AB15: 42
D16: SMT 5 | E16: =tkj!$I$5 -> 92 | F16: =tkj!$O$5 -> 98 | G16: =tkj!$U$5 -> 80 | L16: =tkj!$AK$5 -> 81 | M16: =tkj!$AQ$5 -> 80 | N16: =tkj!$AW$5 -> 82 | R16: =tkj!$BS$5 -> 81.333333 | S16: =tkj!$BW$5 -> 90 | U16: =tkj!$CB$5 -> 75 | X16: 5 | AB16: 43
D17: PORTOPOLIO | E17: =AVERAGE(E12:E16) -> 87 | F17: =AVERAGE(F12:F16) -> 84 | G17: =AVERAGE(G12:G16) -> 78.8 | L17: =AVERAGE(L12:L16) -> 81 | M17: =AVERAGE(M12:M16) -> 74.4 | N17: =AVERAGE(N12:N16) -> 80.2 | R17: =AVERAGE(R14:R16) -> 81.333333 | S17: =AVERAGE(S14:S16) -> 87 | U17: =AVERAGE(U12:U16) -> 75.333333 | X17: 5 | AB17: 29
D18: PENUGASAN | E18: =tkj!$J$5 -> 91 | F18: =tkj!$P$5 -> 91 | G18: =tkj!$V$5 -> 87 | L18: =tkj!$AL$5 -> 87 | M18: =tkj!$AR$5 -> 90 | N18: =tkj!$AX$5 -> 90 | R18: =tkj!$BT$5 -> 94 | S18: =tkj!$BX$5 -> 94 | T18: =tkj!$BY$5 -> 91 | U18: =tkj!$CC$5 -> 90 | X18: 5 | AB18: 58
